phosphosite_residue,token,relative_position,direction,raw_occurrence_pair_count,unique_phosphosite_count,unique_protein_count
S,LNF,-100,N-terminal,42,42,42
S,LNF,-99,N-terminal,42,42,42
S,LNF,-98,N-terminal,37,37,37
S,LNF,-97,N-terminal,51,51,51
S,LNF,-96,N-terminal,32,32,32
S,LNF,-95,N-terminal,39,39,39
S,LNF,-94,N-terminal,34,34,34
S,LNF,-93,N-terminal,46,46,45
S,LNF,-92,N-terminal,39,39,39
S,LNF,-91,N-terminal,23,23,23
S,LNF,-90,N-terminal,38,38,38
S,LNF,-89,N-terminal,33,33,33
S,LNF,-88,N-terminal,30,30,30
S,LNF,-87,N-terminal,34,34,34
S,LNF,-86,N-terminal,48,48,48
S,LNF,-85,N-terminal,39,39,39
S,LNF,-84,N-terminal,33,33,33
S,LNF,-83,N-terminal,45,45,45
S,LNF,-82,N-terminal,48,48,48
S,LNF,-81,N-terminal,37,37,37
S,LNF,-80,N-terminal,35,35,35
S,LNF,-79,N-terminal,35,35,35
S,LNF,-78,N-terminal,36,36,36
S,LNF,-77,N-terminal,34,34,34
S,LNF,-76,N-terminal,39,39,39
S,LNF,-75,N-terminal,33,33,33
S,LNF,-74,N-terminal,50,50,48
S,LNF,-73,N-terminal,34,34,34
S,LNF,-72,N-terminal,30,30,30
S,LNF,-71,N-terminal,41,41,41
S,LNF,-70,N-terminal,41,41,41
S,LNF,-69,N-terminal,55,55,55
S,LNF,-68,N-terminal,48,48,48
S,LNF,-67,N-terminal,36,36,36
S,LNF,-66,N-terminal,39,39,39
S,LNF,-65,N-terminal,40,40,40
S,LNF,-64,N-terminal,40,40,40
S,LNF,-63,N-terminal,37,37,37
S,LNF,-62,N-terminal,30,30,30
S,LNF,-61,N-terminal,41,41,41
S,LNF,-60,N-terminal,38,38,38
S,LNF,-59,N-terminal,42,42,42
S,LNF,-58,N-terminal,26,26,26
S,LNF,-57,N-terminal,41,41,41
S,LNF,-56,N-terminal,57,57,57
S,LNF,-55,N-terminal,34,34,34
S,LNF,-54,N-terminal,43,43,43
S,LNF,-53,N-terminal,35,35,34
S,LNF,-52,N-terminal,33,33,33
S,LNF,-51,N-terminal,48,48,48
S,LNF,-50,N-terminal,46,46,46
S,LNF,-49,N-terminal,31,31,31
S,LNF,-48,N-terminal,41,41,41
S,LNF,-47,N-terminal,35,35,35
S,LNF,-46,N-terminal,30,30,30
S,LNF,-45,N-terminal,38,38,38
S,LNF,-44,N-terminal,44,44,43
S,LNF,-43,N-terminal,39,39,39
S,LNF,-42,N-terminal,45,45,45
S,LNF,-41,N-terminal,45,45,45
S,LNF,-40,N-terminal,61,61,61
S,LNF,-39,N-terminal,43,43,43
S,LNF,-38,N-terminal,43,43,42
S,LNF,-37,N-terminal,36,36,36
S,LNF,-36,N-terminal,64,64,63
S,LNF,-35,N-terminal,47,47,47
S,LNF,-34,N-terminal,47,47,47
S,LNF,-33,N-terminal,34,34,34
S,LNF,-32,N-terminal,45,45,45
S,LNF,-31,N-terminal,52,52,52
S,LNF,-30,N-terminal,53,53,53
S,LNF,-29,N-terminal,27,27,27
S,LNF,-28,N-terminal,40,40,40
S,LNF,-27,N-terminal,44,44,44
S,LNF,-26,N-terminal,35,35,35
S,LNF,-25,N-terminal,47,47,47
S,LNF,-24,N-terminal,45,45,45
S,LNF,-23,N-terminal,43,43,43
S,LNF,-22,N-terminal,43,43,43
S,LNF,-21,N-terminal,45,45,45
S,LNF,-20,N-terminal,48,48,48
S,LNF,-19,N-terminal,32,32,32
S,LNF,-18,N-terminal,48,48,47
S,LNF,-17,N-terminal,23,23,23
S,LNF,-16,N-terminal,44,44,44
S,LNF,-15,N-terminal,40,40,40
S,LNF,-14,N-terminal,42,42,42
S,LNF,-13,N-terminal,53,53,53
S,LNF,-12,N-terminal,36,36,36
S,LNF,-11,N-terminal,47,47,46
S,LNF,-10,N-terminal,68,68,68
S,LNF,-9,N-terminal,47,47,47
S,LNF,-8,N-terminal,31,31,31
S,LNF,-7,N-terminal,47,47,47
S,LNF,-6,N-terminal,39,39,39
S,LNF,-5,N-terminal,34,34,34
S,LNF,-4,N-terminal,33,33,33
S,LNF,-3,N-terminal,25,25,25
S,LNF,-2,N-terminal,29,29,29
S,LNF,-1,N-terminal,47,47,47
S,LNF,0,overlap,0,0,0
S,LNF,1,C-terminal,38,38,38
S,LNF,2,C-terminal,40,40,40
S,LNF,3,C-terminal,29,29,29
S,LNF,4,C-terminal,37,37,36
S,LNF,5,C-terminal,37,37,37
S,LNF,6,C-terminal,34,34,34
S,LNF,7,C-terminal,44,44,44
S,LNF,8,C-terminal,31,31,31
S,LNF,9,C-terminal,36,36,36
S,LNF,10,C-terminal,33,33,33
S,LNF,11,C-terminal,35,35,35
S,LNF,12,C-terminal,34,34,34
S,LNF,13,C-terminal,26,26,25
S,LNF,14,C-terminal,40,40,40
S,LNF,15,C-terminal,36,36,36
S,LNF,16,C-terminal,47,47,47
S,LNF,17,C-terminal,48,48,48
S,LNF,18,C-terminal,47,47,47
S,LNF,19,C-terminal,34,34,34
S,LNF,20,C-terminal,50,50,50
S,LNF,21,C-terminal,44,44,44
S,LNF,22,C-terminal,38,38,38
S,LNF,23,C-terminal,36,36,36
S,LNF,24,C-terminal,40,40,40
S,LNF,25,C-terminal,46,46,46
S,LNF,26,C-terminal,38,38,38
S,LNF,27,C-terminal,45,45,45
S,LNF,28,C-terminal,49,49,49
S,LNF,29,C-terminal,43,43,43
S,LNF,30,C-terminal,48,48,48
S,LNF,31,C-terminal,32,32,32
S,LNF,32,C-terminal,51,51,51
S,LNF,33,C-terminal,43,43,43
S,LNF,34,C-terminal,52,52,52
S,LNF,35,C-terminal,42,42,42
S,LNF,36,C-terminal,44,44,44
S,LNF,37,C-terminal,38,38,38
S,LNF,38,C-terminal,44,44,43
S,LNF,39,C-terminal,27,27,27
S,LNF,40,C-terminal,35,35,35
S,LNF,41,C-terminal,27,27,27
S,LNF,42,C-terminal,48,48,48
S,LNF,43,C-terminal,27,27,27
S,LNF,44,C-terminal,27,27,27
S,LNF,45,C-terminal,48,48,48
S,LNF,46,C-terminal,38,38,38
S,LNF,47,C-terminal,39,39,39
S,LNF,48,C-terminal,32,32,32
S,LNF,49,C-terminal,52,52,52
S,LNF,50,C-terminal,34,34,34
S,LNF,51,C-terminal,41,41,41
S,LNF,52,C-terminal,44,44,44
S,LNF,53,C-terminal,31,31,31
S,LNF,54,C-terminal,44,44,44
S,LNF,55,C-terminal,47,47,46
S,LNF,56,C-terminal,38,38,38
S,LNF,57,C-terminal,50,50,50
S,LNF,58,C-terminal,46,46,46
S,LNF,59,C-terminal,45,45,45
S,LNF,60,C-terminal,40,40,40
S,LNF,61,C-terminal,41,41,41
S,LNF,62,C-terminal,42,42,42
S,LNF,63,C-terminal,44,44,44
S,LNF,64,C-terminal,39,39,39
S,LNF,65,C-terminal,52,52,52
S,LNF,66,C-terminal,30,30,30
S,LNF,67,C-terminal,50,50,50
S,LNF,68,C-terminal,37,37,37
S,LNF,69,C-terminal,29,29,29
S,LNF,70,C-terminal,39,39,39
S,LNF,71,C-terminal,41,41,41
S,LNF,72,C-terminal,38,38,38
S,LNF,73,C-terminal,28,28,28
S,LNF,74,C-terminal,49,49,49
S,LNF,75,C-terminal,52,52,52
S,LNF,76,C-terminal,39,39,39
S,LNF,77,C-terminal,33,33,33
S,LNF,78,C-terminal,48,48,48
S,LNF,79,C-terminal,39,39,39
S,LNF,80,C-terminal,44,44,43
S,LNF,81,C-terminal,53,53,53
S,LNF,82,C-terminal,44,44,44
S,LNF,83,C-terminal,25,25,25
S,LNF,84,C-terminal,38,38,37
S,LNF,85,C-terminal,43,43,43
S,LNF,86,C-terminal,45,45,44
S,LNF,87,C-terminal,33,33,33
S,LNF,88,C-terminal,41,41,41
S,LNF,89,C-terminal,40,40,40
S,LNF,90,C-terminal,33,33,33
S,LNF,91,C-terminal,44,44,43
S,LNF,92,C-terminal,45,45,45
S,LNF,93,C-terminal,40,40,40
S,LNF,94,C-terminal,39,39,39
S,LNF,95,C-terminal,42,42,42
S,LNF,96,C-terminal,41,41,41
S,LNF,97,C-terminal,39,39,39
S,LNF,98,C-terminal,34,34,34
S,LNF,99,C-terminal,43,43,43
S,LNF,100,C-terminal,39,39,39
Y,NH,-100,N-terminal,71,71,70
Y,NH,-99,N-terminal,71,71,71
Y,NH,-98,N-terminal,52,52,52
Y,NH,-97,N-terminal,58,58,57
Y,NH,-96,N-terminal,59,59,58
Y,NH,-95,N-terminal,66,66,66
Y,NH,-94,N-terminal,73,73,73
Y,NH,-93,N-terminal,65,65,64
Y,NH,-92,N-terminal,57,57,57
Y,NH,-91,N-terminal,56,56,56
Y,NH,-90,N-terminal,60,60,60
Y,NH,-89,N-terminal,71,71,70
Y,NH,-88,N-terminal,59,59,57
Y,NH,-87,N-terminal,58,58,58
Y,NH,-86,N-terminal,72,72,72
Y,NH,-85,N-terminal,67,67,66
Y,NH,-84,N-terminal,55,55,55
Y,NH,-83,N-terminal,75,75,75
Y,NH,-82,N-terminal,56,56,56
Y,NH,-81,N-terminal,54,54,54
Y,NH,-80,N-terminal,53,53,53
Y,NH,-79,N-terminal,53,53,53
Y,NH,-78,N-terminal,59,59,59
Y,NH,-77,N-terminal,63,63,60
Y,NH,-76,N-terminal,58,58,57
Y,NH,-75,N-terminal,52,52,52
Y,NH,-74,N-terminal,52,52,51
Y,NH,-73,N-terminal,57,57,57
Y,NH,-72,N-terminal,71,71,71
Y,NH,-71,N-terminal,66,66,65
Y,NH,-70,N-terminal,69,69,69
Y,NH,-69,N-terminal,44,44,44
Y,NH,-68,N-terminal,71,71,71
Y,NH,-67,N-terminal,65,65,63
Y,NH,-66,N-terminal,60,60,59
Y,NH,-65,N-terminal,62,62,62
Y,NH,-64,N-terminal,66,66,65
Y,NH,-63,N-terminal,51,51,51
Y,NH,-62,N-terminal,80,80,80
Y,NH,-61,N-terminal,59,59,59
Y,NH,-60,N-terminal,76,76,76
Y,NH,-59,N-terminal,60,60,60
Y,NH,-58,N-terminal,61,61,61
Y,NH,-57,N-terminal,74,74,73
Y,NH,-56,N-terminal,68,68,67
Y,NH,-55,N-terminal,44,44,44
Y,NH,-54,N-terminal,80,80,80
Y,NH,-53,N-terminal,61,61,61
Y,NH,-52,N-terminal,63,63,63
Y,NH,-51,N-terminal,65,65,65
Y,NH,-50,N-terminal,61,61,61
Y,NH,-49,N-terminal,67,67,67
Y,NH,-48,N-terminal,57,57,57
Y,NH,-47,N-terminal,67,67,67
Y,NH,-46,N-terminal,85,85,84
Y,NH,-45,N-terminal,49,49,49
Y,NH,-44,N-terminal,95,95,95
Y,NH,-43,N-terminal,70,70,70
Y,NH,-42,N-terminal,62,62,62
Y,NH,-41,N-terminal,34,34,34
Y,NH,-40,N-terminal,67,67,67
Y,NH,-39,N-terminal,61,61,61
Y,NH,-38,N-terminal,84,84,82
Y,NH,-37,N-terminal,54,54,54
Y,NH,-36,N-terminal,33,33,33
Y,NH,-35,N-terminal,56,56,56
Y,NH,-34,N-terminal,70,70,70
Y,NH,-33,N-terminal,54,54,54
Y,NH,-32,N-terminal,75,75,75
Y,NH,-31,N-terminal,50,50,50
Y,NH,-30,N-terminal,78,78,78
Y,NH,-29,N-terminal,66,66,66
Y,NH,-28,N-terminal,74,74,73
Y,NH,-27,N-terminal,59,59,59
Y,NH,-26,N-terminal,60,60,60
Y,NH,-25,N-terminal,53,53,53
Y,NH,-24,N-terminal,55,55,54
Y,NH,-23,N-terminal,68,68,67
Y,NH,-22,N-terminal,84,84,80
Y,NH,-21,N-terminal,79,79,79
Y,NH,-20,N-terminal,67,67,67
Y,NH,-19,N-terminal,85,85,85
Y,NH,-18,N-terminal,69,69,69
Y,NH,-17,N-terminal,63,63,62
Y,NH,-16,N-terminal,60,60,60
Y,NH,-15,N-terminal,64,64,64
Y,NH,-14,N-terminal,68,68,68
Y,NH,-13,N-terminal,65,65,65
Y,NH,-12,N-terminal,79,79,79
Y,NH,-11,N-terminal,57,57,57
Y,NH,-10,N-terminal,78,78,76
Y,NH,-9,N-terminal,85,85,85
Y,NH,-8,N-terminal,52,52,51
Y,NH,-7,N-terminal,78,78,77
Y,NH,-6,N-terminal,71,71,71
Y,NH,-5,N-terminal,46,46,46
Y,NH,-4,N-terminal,58,58,58
Y,NH,-3,N-terminal,86,86,86
Y,NH,-2,N-terminal,74,74,74
Y,NH,-1,N-terminal,86,86,86
Y,NH,0,overlap,0,0,0
Y,NH,1,C-terminal,51,51,51
Y,NH,2,C-terminal,56,56,56
Y,NH,3,C-terminal,67,67,67
Y,NH,4,C-terminal,85,85,85
Y,NH,5,C-terminal,64,64,63
Y,NH,6,C-terminal,77,77,77
Y,NH,7,C-terminal,49,49,49
Y,NH,8,C-terminal,56,56,56
Y,NH,9,C-terminal,55,55,55
Y,NH,10,C-terminal,64,64,64
Y,NH,11,C-terminal,67,67,67
Y,NH,12,C-terminal,62,62,62
Y,NH,13,C-terminal,47,47,47
Y,NH,14,C-terminal,62,62,62
Y,NH,15,C-terminal,55,55,55
Y,NH,16,C-terminal,50,50,50
Y,NH,17,C-terminal,76,76,74
Y,NH,18,C-terminal,56,56,56
Y,NH,19,C-terminal,59,59,59
Y,NH,20,C-terminal,80,80,80
Y,NH,21,C-terminal,58,58,57
Y,NH,22,C-terminal,59,59,59
Y,NH,23,C-terminal,54,54,54
Y,NH,24,C-terminal,42,42,42
Y,NH,25,C-terminal,59,59,59
Y,NH,26,C-terminal,76,76,75
Y,NH,27,C-terminal,63,63,63
Y,NH,28,C-terminal,65,65,65
Y,NH,29,C-terminal,68,68,68
Y,NH,30,C-terminal,62,62,62
Y,NH,31,C-terminal,69,69,69
Y,NH,32,C-terminal,45,45,45
Y,NH,33,C-terminal,67,67,67
Y,NH,34,C-terminal,81,81,80
Y,NH,35,C-terminal,40,40,40
Y,NH,36,C-terminal,50,50,50
Y,NH,37,C-terminal,79,79,79
Y,NH,38,C-terminal,76,76,76
Y,NH,39,C-terminal,78,78,78
Y,NH,40,C-terminal,59,59,59
Y,NH,41,C-terminal,68,68,67
Y,NH,42,C-terminal,67,67,67
Y,NH,43,C-terminal,71,71,71
Y,NH,44,C-terminal,80,80,80
Y,NH,45,C-terminal,98,98,90
Y,NH,46,C-terminal,58,58,57
Y,NH,47,C-terminal,63,63,63
Y,NH,48,C-terminal,76,76,76
Y,NH,49,C-terminal,57,57,57
Y,NH,50,C-terminal,51,51,51
Y,NH,51,C-terminal,73,73,73
Y,NH,52,C-terminal,58,58,58
Y,NH,53,C-terminal,56,56,56
Y,NH,54,C-terminal,50,50,50
Y,NH,55,C-terminal,59,59,59
Y,NH,56,C-terminal,67,67,67
Y,NH,57,C-terminal,76,76,76
Y,NH,58,C-terminal,54,54,54
Y,NH,59,C-terminal,48,48,48
Y,NH,60,C-terminal,86,86,85
Y,NH,61,C-terminal,71,71,71
Y,NH,62,C-terminal,66,66,66
Y,NH,63,C-terminal,49,49,49
Y,NH,64,C-terminal,64,64,64
Y,NH,65,C-terminal,44,44,44
Y,NH,66,C-terminal,58,58,58
Y,NH,67,C-terminal,69,69,69
Y,NH,68,C-terminal,63,63,63
Y,NH,69,C-terminal,83,83,83
Y,NH,70,C-terminal,60,60,60
Y,NH,71,C-terminal,58,58,58
Y,NH,72,C-terminal,60,60,60
Y,NH,73,C-terminal,59,59,58
Y,NH,74,C-terminal,51,51,51
Y,NH,75,C-terminal,53,53,53
Y,NH,76,C-terminal,43,43,43
Y,NH,77,C-terminal,67,67,67
Y,NH,78,C-terminal,55,55,55
Y,NH,79,C-terminal,78,78,78
Y,NH,80,C-terminal,92,92,92
Y,NH,81,C-terminal,62,62,62
Y,NH,82,C-terminal,66,66,66
Y,NH,83,C-terminal,79,79,78
Y,NH,84,C-terminal,65,65,65
Y,NH,85,C-terminal,58,58,58
Y,NH,86,C-terminal,67,67,67
Y,NH,87,C-terminal,58,58,58
Y,NH,88,C-terminal,54,54,54
Y,NH,89,C-terminal,58,58,58
Y,NH,90,C-terminal,61,61,60
Y,NH,91,C-terminal,58,58,58
Y,NH,92,C-terminal,53,53,53
Y,NH,93,C-terminal,62,62,62
Y,NH,94,C-terminal,56,56,56
Y,NH,95,C-terminal,49,49,49
Y,NH,96,C-terminal,66,66,65
Y,NH,97,C-terminal,62,62,61
Y,NH,98,C-terminal,74,74,74
Y,NH,99,C-terminal,52,52,52
Y,NH,100,C-terminal,43,43,43
T,LIR,-100,N-terminal,24,24,24
T,LIR,-99,N-terminal,33,33,33
T,LIR,-98,N-terminal,33,33,33
T,LIR,-97,N-terminal,21,21,21
T,LIR,-96,N-terminal,26,26,26
T,LIR,-95,N-terminal,32,32,32
T,LIR,-94,N-terminal,29,29,29
T,LIR,-93,N-terminal,35,35,35
T,LIR,-92,N-terminal,24,24,24
T,LIR,-91,N-terminal,24,24,24
T,LIR,-90,N-terminal,73,73,66
T,LIR,-89,N-terminal,29,29,29
T,LIR,-88,N-terminal,35,35,35
T,LIR,-87,N-terminal,25,25,25
T,LIR,-86,N-terminal,23,23,23
T,LIR,-85,N-terminal,21,21,21
T,LIR,-84,N-terminal,23,23,23
T,LIR,-83,N-terminal,29,29,29
T,LIR,-82,N-terminal,17,17,17
T,LIR,-81,N-terminal,29,29,29
T,LIR,-80,N-terminal,41,41,41
T,LIR,-79,N-terminal,35,35,35
T,LIR,-78,N-terminal,30,30,30
T,LIR,-77,N-terminal,33,33,33
T,LIR,-76,N-terminal,31,31,31
T,LIR,-75,N-terminal,24,24,24
T,LIR,-74,N-terminal,30,30,30
T,LIR,-73,N-terminal,21,21,21
T,LIR,-72,N-terminal,15,15,15
T,LIR,-71,N-terminal,22,22,22
T,LIR,-70,N-terminal,18,18,18
T,LIR,-69,N-terminal,31,31,31
T,LIR,-68,N-terminal,30,30,30
T,LIR,-67,N-terminal,33,33,33
T,LIR,-66,N-terminal,21,21,21
T,LIR,-65,N-terminal,26,26,26
T,LIR,-64,N-terminal,25,25,25
T,LIR,-63,N-terminal,25,25,25
T,LIR,-62,N-terminal,82,82,68
T,LIR,-61,N-terminal,37,37,37
T,LIR,-60,N-terminal,29,29,29
T,LIR,-59,N-terminal,26,26,26
T,LIR,-58,N-terminal,25,25,25
T,LIR,-57,N-terminal,37,37,37
T,LIR,-56,N-terminal,36,36,36
T,LIR,-55,N-terminal,34,34,34
T,LIR,-54,N-terminal,29,29,29
T,LIR,-53,N-terminal,24,24,24
T,LIR,-52,N-terminal,26,26,26
T,LIR,-51,N-terminal,20,20,20
T,LIR,-50,N-terminal,37,37,37
T,LIR,-49,N-terminal,34,34,34
T,LIR,-48,N-terminal,35,35,35
T,LIR,-47,N-terminal,28,28,28
T,LIR,-46,N-terminal,30,30,30
T,LIR,-45,N-terminal,18,18,18
T,LIR,-44,N-terminal,17,17,17
T,LIR,-43,N-terminal,29,29,29
T,LIR,-42,N-terminal,38,38,38
T,LIR,-41,N-terminal,52,52,52
T,LIR,-40,N-terminal,32,32,32
T,LIR,-39,N-terminal,40,40,40
T,LIR,-38,N-terminal,20,20,20
T,LIR,-37,N-terminal,36,36,36
T,LIR,-36,N-terminal,39,39,39
T,LIR,-35,N-terminal,28,28,28
T,LIR,-34,N-terminal,92,92,80
T,LIR,-33,N-terminal,37,37,37
T,LIR,-32,N-terminal,31,31,31
T,LIR,-31,N-terminal,44,44,43
T,LIR,-30,N-terminal,30,30,30
T,LIR,-29,N-terminal,36,36,36
T,LIR,-28,N-terminal,26,26,26
T,LIR,-27,N-terminal,34,34,34
T,LIR,-26,N-terminal,39,39,39
T,LIR,-25,N-terminal,28,28,27
T,LIR,-24,N-terminal,29,29,29
T,LIR,-23,N-terminal,21,21,21
T,LIR,-22,N-terminal,38,38,38
T,LIR,-21,N-terminal,33,33,33
T,LIR,-20,N-terminal,37,37,37
T,LIR,-19,N-terminal,28,28,28
T,LIR,-18,N-terminal,32,32,32
T,LIR,-17,N-terminal,24,24,24
T,LIR,-16,N-terminal,35,35,35
T,LIR,-15,N-terminal,37,37,37
T,LIR,-14,N-terminal,32,32,32
T,LIR,-13,N-terminal,29,29,29
T,LIR,-12,N-terminal,36,36,36
T,LIR,-11,N-terminal,22,22,22
T,LIR,-10,N-terminal,20,20,20
T,LIR,-9,N-terminal,27,27,27
T,LIR,-8,N-terminal,29,29,29
T,LIR,-7,N-terminal,35,35,35
T,LIR,-6,N-terminal,105,105,89
T,LIR,-5,N-terminal,40,40,40
T,LIR,-4,N-terminal,49,49,49
T,LIR,-3,N-terminal,23,23,23
T,LIR,-2,N-terminal,15,15,15
T,LIR,-1,N-terminal,23,23,23
T,LIR,0,overlap,0,0,0
T,LIR,1,C-terminal,36,36,36
T,LIR,2,C-terminal,22,22,22
T,LIR,3,C-terminal,30,30,30
T,LIR,4,C-terminal,41,41,41
T,LIR,5,C-terminal,30,30,30
T,LIR,6,C-terminal,19,19,19
T,LIR,7,C-terminal,38,38,37
T,LIR,8,C-terminal,40,40,39
T,LIR,9,C-terminal,29,29,29
T,LIR,10,C-terminal,22,22,22
T,LIR,11,C-terminal,19,19,19
T,LIR,12,C-terminal,32,32,32
T,LIR,13,C-terminal,21,21,21
T,LIR,14,C-terminal,25,25,25
T,LIR,15,C-terminal,30,30,30
T,LIR,16,C-terminal,38,38,38
T,LIR,17,C-terminal,25,25,25
T,LIR,18,C-terminal,26,26,26
T,LIR,19,C-terminal,26,26,26
T,LIR,20,C-terminal,98,98,89
T,LIR,21,C-terminal,22,22,22
T,LIR,22,C-terminal,40,40,39
T,LIR,23,C-terminal,32,32,32
T,LIR,24,C-terminal,36,36,36
T,LIR,25,C-terminal,39,39,39
T,LIR,26,C-terminal,37,37,36
T,LIR,27,C-terminal,31,31,31
T,LIR,28,C-terminal,35,35,35
T,LIR,29,C-terminal,29,29,29
T,LIR,30,C-terminal,23,23,23
T,LIR,31,C-terminal,31,31,31
T,LIR,32,C-terminal,27,27,27
T,LIR,33,C-terminal,35,35,35
T,LIR,34,C-terminal,33,33,33
T,LIR,35,C-terminal,22,22,22
T,LIR,36,C-terminal,27,27,27
T,LIR,37,C-terminal,28,28,28
T,LIR,38,C-terminal,27,27,27
T,LIR,39,C-terminal,34,34,34
T,LIR,40,C-terminal,26,26,26
T,LIR,41,C-terminal,23,23,23
T,LIR,42,C-terminal,30,30,30
T,LIR,43,C-terminal,28,28,28
T,LIR,44,C-terminal,18,18,18
T,LIR,45,C-terminal,30,30,30
T,LIR,46,C-terminal,17,17,17
T,LIR,47,C-terminal,38,38,38
T,LIR,48,C-terminal,91,91,79
T,LIR,49,C-terminal,25,25,25
T,LIR,50,C-terminal,32,32,32
T,LIR,51,C-terminal,26,26,26
T,LIR,52,C-terminal,26,26,26
T,LIR,53,C-terminal,26,26,26
T,LIR,54,C-terminal,25,25,25
T,LIR,55,C-terminal,28,28,28
T,LIR,56,C-terminal,30,30,30
T,LIR,57,C-terminal,31,31,31
T,LIR,58,C-terminal,30,30,30
T,LIR,59,C-terminal,23,23,23
T,LIR,60,C-terminal,25,25,25
T,LIR,61,C-terminal,33,33,33
T,LIR,62,C-terminal,26,26,26
T,LIR,63,C-terminal,35,35,35
T,LIR,64,C-terminal,25,25,25
T,LIR,65,C-terminal,30,30,30
T,LIR,66,C-terminal,26,26,26
T,LIR,67,C-terminal,40,40,40
T,LIR,68,C-terminal,33,33,33
T,LIR,69,C-terminal,41,41,41
T,LIR,70,C-terminal,38,38,38
T,LIR,71,C-terminal,35,35,35
T,LIR,72,C-terminal,33,33,33
T,LIR,73,C-terminal,35,35,35
T,LIR,74,C-terminal,34,34,34
T,LIR,75,C-terminal,30,30,30
T,LIR,76,C-terminal,89,89,80
T,LIR,77,C-terminal,27,27,27
T,LIR,78,C-terminal,34,34,33
T,LIR,79,C-terminal,33,33,33
T,LIR,80,C-terminal,28,28,28
T,LIR,81,C-terminal,25,25,25
T,LIR,82,C-terminal,28,28,28
T,LIR,83,C-terminal,35,35,35
T,LIR,84,C-terminal,15,15,15
T,LIR,85,C-terminal,26,26,26
T,LIR,86,C-terminal,19,19,19
T,LIR,87,C-terminal,22,22,22
T,LIR,88,C-terminal,22,22,22
T,LIR,89,C-terminal,36,36,36
T,LIR,90,C-terminal,26,26,26
T,LIR,91,C-terminal,38,38,38
T,LIR,92,C-terminal,40,40,40
T,LIR,93,C-terminal,33,33,33
T,LIR,94,C-terminal,16,16,16
T,LIR,95,C-terminal,26,26,26
T,LIR,96,C-terminal,18,18,18
T,LIR,97,C-terminal,21,21,21
T,LIR,98,C-terminal,27,27,27
T,LIR,99,C-terminal,35,35,35
T,LIR,100,C-terminal,30,30,30
S,WI,-100,N-terminal,132,132,132
S,WI,-99,N-terminal,137,137,137
S,WI,-98,N-terminal,130,130,130
S,WI,-97,N-terminal,157,157,156
S,WI,-96,N-terminal,152,152,151
S,WI,-95,N-terminal,101,101,101
S,WI,-94,N-terminal,139,139,137
S,WI,-93,N-terminal,156,156,156
S,WI,-92,N-terminal,145,145,141
S,WI,-91,N-terminal,142,142,142
S,WI,-90,N-terminal,144,144,143
S,WI,-89,N-terminal,148,148,147
S,WI,-88,N-terminal,129,129,129
S,WI,-87,N-terminal,148,148,144
S,WI,-86,N-terminal,172,172,171
S,WI,-85,N-terminal,143,143,140
S,WI,-84,N-terminal,162,162,162
S,WI,-83,N-terminal,158,158,156
S,WI,-82,N-terminal,134,134,131
S,WI,-81,N-terminal,146,146,145
S,WI,-80,N-terminal,155,155,153
S,WI,-79,N-terminal,151,151,150
S,WI,-78,N-terminal,128,128,126
S,WI,-77,N-terminal,139,139,139
S,WI,-76,N-terminal,131,131,131
S,WI,-75,N-terminal,132,132,132
S,WI,-74,N-terminal,138,138,137
S,WI,-73,N-terminal,154,154,152
S,WI,-72,N-terminal,123,123,122
S,WI,-71,N-terminal,139,139,135
S,WI,-70,N-terminal,155,155,155
S,WI,-69,N-terminal,146,146,145
S,WI,-68,N-terminal,122,122,121
S,WI,-67,N-terminal,138,138,137
S,WI,-66,N-terminal,125,125,124
S,WI,-65,N-terminal,167,167,151
S,WI,-64,N-terminal,163,163,148
S,WI,-63,N-terminal,138,138,137
S,WI,-62,N-terminal,154,154,154
S,WI,-61,N-terminal,149,149,149
S,WI,-60,N-terminal,141,141,139
S,WI,-59,N-terminal,118,118,118
S,WI,-58,N-terminal,166,166,163
S,WI,-57,N-terminal,175,175,173
S,WI,-56,N-terminal,134,134,133
S,WI,-55,N-terminal,136,136,131
S,WI,-54,N-terminal,141,141,126
S,WI,-53,N-terminal,143,143,140
S,WI,-52,N-terminal,143,143,142
S,WI,-51,N-terminal,162,162,162
S,WI,-50,N-terminal,109,109,109
S,WI,-49,N-terminal,140,140,139
S,WI,-48,N-terminal,133,133,132
S,WI,-47,N-terminal,114,114,113
S,WI,-46,N-terminal,177,177,177
S,WI,-45,N-terminal,133,133,133
S,WI,-44,N-terminal,139,139,139
S,WI,-43,N-terminal,125,125,123
S,WI,-42,N-terminal,131,131,129
S,WI,-41,N-terminal,141,141,139
S,WI,-40,N-terminal,139,139,139
S,WI,-39,N-terminal,125,125,124
S,WI,-38,N-terminal,133,133,133
S,WI,-37,N-terminal,121,121,120
S,WI,-36,N-terminal,117,117,117
S,WI,-35,N-terminal,163,163,163
S,WI,-34,N-terminal,159,159,158
S,WI,-33,N-terminal,150,150,150
S,WI,-32,N-terminal,113,113,113
S,WI,-31,N-terminal,160,160,160
S,WI,-30,N-terminal,100,100,100
S,WI,-29,N-terminal,159,159,158
S,WI,-28,N-terminal,129,129,129
S,WI,-27,N-terminal,140,140,139
S,WI,-26,N-terminal,180,180,179
S,WI,-25,N-terminal,141,141,140
S,WI,-24,N-terminal,138,138,136
S,WI,-23,N-terminal,152,152,152
S,WI,-22,N-terminal,166,166,164
S,WI,-21,N-terminal,101,101,101
S,WI,-20,N-terminal,147,147,147
S,WI,-19,N-terminal,125,125,125
S,WI,-18,N-terminal,119,119,115
S,WI,-17,N-terminal,128,128,126
S,WI,-16,N-terminal,125,125,123
S,WI,-15,N-terminal,136,136,134
S,WI,-14,N-terminal,96,96,94
S,WI,-13,N-terminal,103,103,103
S,WI,-12,N-terminal,97,97,97
S,WI,-11,N-terminal,116,116,116
S,WI,-10,N-terminal,109,109,109
S,WI,-9,N-terminal,121,121,115
S,WI,-8,N-terminal,134,134,130
S,WI,-7,N-terminal,97,97,96
S,WI,-6,N-terminal,111,111,111
S,WI,-5,N-terminal,96,96,96
S,WI,-4,N-terminal,93,93,92
S,WI,-3,N-terminal,81,81,81
S,WI,-2,N-terminal,79,79,79
S,WI,-1,N-terminal,68,68,68
S,WI,0,overlap,0,0,0
S,WI,1,C-terminal,110,110,107
S,WI,2,C-terminal,68,68,68
S,WI,3,C-terminal,58,58,58
S,WI,4,C-terminal,69,69,69
S,WI,5,C-terminal,112,112,112
S,WI,6,C-terminal,93,93,93
S,WI,7,C-terminal,92,92,90
S,WI,8,C-terminal,117,117,117
S,WI,9,C-terminal,105,105,105
S,WI,10,C-terminal,104,104,103
S,WI,11,C-terminal,109,109,109
S,WI,12,C-terminal,105,105,104
S,WI,13,C-terminal,112,112,112
S,WI,14,C-terminal,122,122,122
S,WI,15,C-terminal,104,104,104
S,WI,16,C-terminal,115,115,108
S,WI,17,C-terminal,123,123,121
S,WI,18,C-terminal,111,111,111
S,WI,19,C-terminal,102,102,102
S,WI,20,C-terminal,129,129,129
S,WI,21,C-terminal,140,140,140
S,WI,22,C-terminal,138,138,138
S,WI,23,C-terminal,117,117,116
S,WI,24,C-terminal,118,118,118
S,WI,25,C-terminal,118,118,117
S,WI,26,C-terminal,132,132,130
S,WI,27,C-terminal,124,124,124
S,WI,28,C-terminal,121,121,105
S,WI,29,C-terminal,144,144,129
S,WI,30,C-terminal,122,122,121
S,WI,31,C-terminal,128,128,122
S,WI,32,C-terminal,138,138,137
S,WI,33,C-terminal,145,145,144
S,WI,34,C-terminal,119,119,119
S,WI,35,C-terminal,147,147,146
S,WI,36,C-terminal,125,125,123
S,WI,37,C-terminal,123,123,122
S,WI,38,C-terminal,124,124,123
S,WI,39,C-terminal,157,157,144
S,WI,40,C-terminal,131,131,131
S,WI,41,C-terminal,149,149,148
S,WI,42,C-terminal,117,117,116
S,WI,43,C-terminal,148,148,146
S,WI,44,C-terminal,138,138,137
S,WI,45,C-terminal,148,148,145
S,WI,46,C-terminal,146,146,146
S,WI,47,C-terminal,145,145,142
S,WI,48,C-terminal,132,132,132
S,WI,49,C-terminal,133,133,132
S,WI,50,C-terminal,146,146,143
S,WI,51,C-terminal,126,126,126
S,WI,52,C-terminal,130,130,130
S,WI,53,C-terminal,146,146,142
S,WI,54,C-terminal,161,161,161
S,WI,55,C-terminal,137,137,136
S,WI,56,C-terminal,156,156,152
S,WI,57,C-terminal,153,153,152
S,WI,58,C-terminal,168,168,167
S,WI,59,C-terminal,132,132,130
S,WI,60,C-terminal,151,151,150
S,WI,61,C-terminal,136,136,134
S,WI,62,C-terminal,139,139,139
S,WI,63,C-terminal,165,165,165
S,WI,64,C-terminal,164,164,164
S,WI,65,C-terminal,140,140,140
S,WI,66,C-terminal,146,146,146
S,WI,67,C-terminal,112,112,111
S,WI,68,C-terminal,119,119,119
S,WI,69,C-terminal,150,150,150
S,WI,70,C-terminal,135,135,135
S,WI,71,C-terminal,131,131,131
S,WI,72,C-terminal,131,131,131
S,WI,73,C-terminal,130,130,130
S,WI,74,C-terminal,118,118,118
S,WI,75,C-terminal,130,130,125
S,WI,76,C-terminal,118,118,118
S,WI,77,C-terminal,127,127,125
S,WI,78,C-terminal,140,140,139
S,WI,79,C-terminal,128,128,128
S,WI,80,C-terminal,143,143,143
S,WI,81,C-terminal,125,125,125
S,WI,82,C-terminal,157,157,157
S,WI,83,C-terminal,132,132,131
S,WI,84,C-terminal,124,124,123
S,WI,85,C-terminal,156,156,156
S,WI,86,C-terminal,130,130,130
S,WI,87,C-terminal,141,141,137
S,WI,88,C-terminal,128,128,127
S,WI,89,C-terminal,122,122,122
S,WI,90,C-terminal,137,137,136
S,WI,91,C-terminal,150,150,150
S,WI,92,C-terminal,144,144,143
S,WI,93,C-terminal,147,147,146
S,WI,94,C-terminal,137,137,137
S,WI,95,C-terminal,126,126,126
S,WI,96,C-terminal,134,134,134
S,WI,97,C-terminal,134,134,133
S,WI,98,C-terminal,116,116,116
S,WI,99,C-terminal,156,156,156
S,WI,100,C-terminal,139,139,137
Y,ARR,-100,N-terminal,17,17,17
Y,ARR,-99,N-terminal,17,17,17
Y,ARR,-98,N-terminal,11,11,11
Y,ARR,-97,N-terminal,19,19,19
Y,ARR,-96,N-terminal,26,26,26
Y,ARR,-95,N-terminal,11,11,11
Y,ARR,-94,N-terminal,15,15,15
Y,ARR,-93,N-terminal,18,18,18
Y,ARR,-92,N-terminal,14,14,14
Y,ARR,-91,N-terminal,20,20,20
Y,ARR,-90,N-terminal,16,16,16
Y,ARR,-89,N-terminal,19,19,19
Y,ARR,-88,N-terminal,10,10,10
Y,ARR,-87,N-terminal,22,22,22
Y,ARR,-86,N-terminal,18,18,18
Y,ARR,-85,N-terminal,17,17,17
Y,ARR,-84,N-terminal,26,26,26
Y,ARR,-83,N-terminal,15,15,15
Y,ARR,-82,N-terminal,23,23,23
Y,ARR,-81,N-terminal,11,11,11
Y,ARR,-80,N-terminal,25,25,25
Y,ARR,-79,N-terminal,14,14,14
Y,ARR,-78,N-terminal,16,16,16
Y,ARR,-77,N-terminal,30,30,30
Y,ARR,-76,N-terminal,26,26,26
Y,ARR,-75,N-terminal,25,25,25
Y,ARR,-74,N-terminal,25,25,25
Y,ARR,-73,N-terminal,19,19,19
Y,ARR,-72,N-terminal,16,16,16
Y,ARR,-71,N-terminal,14,14,14
Y,ARR,-70,N-terminal,20,20,20
Y,ARR,-69,N-terminal,21,21,21
Y,ARR,-68,N-terminal,16,16,15
Y,ARR,-67,N-terminal,18,18,18
Y,ARR,-66,N-terminal,17,17,17
Y,ARR,-65,N-terminal,25,25,25
Y,ARR,-64,N-terminal,28,28,28
Y,ARR,-63,N-terminal,20,20,20
Y,ARR,-62,N-terminal,20,20,20
Y,ARR,-61,N-terminal,14,14,14
Y,ARR,-60,N-terminal,20,20,20
Y,ARR,-59,N-terminal,20,20,20
Y,ARR,-58,N-terminal,31,31,31
Y,ARR,-57,N-terminal,22,22,22
Y,ARR,-56,N-terminal,14,14,14
Y,ARR,-55,N-terminal,21,21,21
Y,ARR,-54,N-terminal,26,26,26
Y,ARR,-53,N-terminal,16,16,16
Y,ARR,-52,N-terminal,14,14,14
Y,ARR,-51,N-terminal,24,24,24
Y,ARR,-50,N-terminal,24,24,24
Y,ARR,-49,N-terminal,19,19,19
Y,ARR,-48,N-terminal,23,23,23
Y,ARR,-47,N-terminal,29,29,29
Y,ARR,-46,N-terminal,14,14,14
Y,ARR,-45,N-terminal,23,23,23
Y,ARR,-44,N-terminal,28,28,28
Y,ARR,-43,N-terminal,19,19,19
Y,ARR,-42,N-terminal,29,29,29
Y,ARR,-41,N-terminal,20,20,20
Y,ARR,-40,N-terminal,22,22,22
Y,ARR,-39,N-terminal,19,19,19
Y,ARR,-38,N-terminal,20,20,20
Y,ARR,-37,N-terminal,22,22,22
Y,ARR,-36,N-terminal,29,29,29
Y,ARR,-35,N-terminal,19,19,19
Y,ARR,-34,N-terminal,22,22,22
Y,ARR,-33,N-terminal,24,24,24
Y,ARR,-32,N-terminal,15,15,15
Y,ARR,-31,N-terminal,17,17,17
Y,ARR,-30,N-terminal,11,11,11
Y,ARR,-29,N-terminal,20,20,20
Y,ARR,-28,N-terminal,20,20,20
Y,ARR,-27,N-terminal,20,20,20
Y,ARR,-26,N-terminal,32,32,32
Y,ARR,-25,N-terminal,19,19,19
Y,ARR,-24,N-terminal,24,24,24
Y,ARR,-23,N-terminal,10,10,10
Y,ARR,-22,N-terminal,13,13,13
Y,ARR,-21,N-terminal,26,26,26
Y,ARR,-20,N-terminal,24,24,24
Y,ARR,-19,N-terminal,24,24,24
Y,ARR,-18,N-terminal,21,21,21
Y,ARR,-17,N-terminal,12,12,12
Y,ARR,-16,N-terminal,26,26,26
Y,ARR,-15,N-terminal,34,34,34
Y,ARR,-14,N-terminal,27,27,27
Y,ARR,-13,N-terminal,13,13,13
Y,ARR,-12,N-terminal,20,20,20
Y,ARR,-11,N-terminal,15,15,15
Y,ARR,-10,N-terminal,22,22,22
Y,ARR,-9,N-terminal,23,23,23
Y,ARR,-8,N-terminal,36,36,36
Y,ARR,-7,N-terminal,20,20,20
Y,ARR,-6,N-terminal,32,32,32
Y,ARR,-5,N-terminal,31,31,31
Y,ARR,-4,N-terminal,19,19,19
Y,ARR,-3,N-terminal,28,28,28
Y,ARR,-2,N-terminal,27,27,27
Y,ARR,-1,N-terminal,15,15,15
Y,ARR,0,overlap,0,0,0
Y,ARR,1,C-terminal,11,11,11
Y,ARR,2,C-terminal,12,12,12
Y,ARR,3,C-terminal,20,20,20
Y,ARR,4,C-terminal,22,22,22
Y,ARR,5,C-terminal,23,23,23
Y,ARR,6,C-terminal,41,41,41
Y,ARR,7,C-terminal,24,24,24
Y,ARR,8,C-terminal,27,27,27
Y,ARR,9,C-terminal,31,31,31
Y,ARR,10,C-terminal,21,21,21
Y,ARR,11,C-terminal,25,25,25
Y,ARR,12,C-terminal,20,20,20
Y,ARR,13,C-terminal,18,18,18
Y,ARR,14,C-terminal,27,27,27
Y,ARR,15,C-terminal,24,24,24
Y,ARR,16,C-terminal,26,26,26
Y,ARR,17,C-terminal,22,22,22
Y,ARR,18,C-terminal,30,30,30
Y,ARR,19,C-terminal,20,20,20
Y,ARR,20,C-terminal,23,23,23
Y,ARR,21,C-terminal,20,20,20
Y,ARR,22,C-terminal,24,24,24
Y,ARR,23,C-terminal,16,16,16
Y,ARR,24,C-terminal,24,24,24
Y,ARR,25,C-terminal,31,31,31
Y,ARR,26,C-terminal,20,20,20
Y,ARR,27,C-terminal,28,28,28
Y,ARR,28,C-terminal,33,33,33
Y,ARR,29,C-terminal,18,18,18
Y,ARR,30,C-terminal,9,9,9
Y,ARR,31,C-terminal,14,14,14
Y,ARR,32,C-terminal,12,12,12
Y,ARR,33,C-terminal,13,13,13
Y,ARR,34,C-terminal,27,27,27
Y,ARR,35,C-terminal,27,27,26
Y,ARR,36,C-terminal,28,28,28
Y,ARR,37,C-terminal,18,18,18
Y,ARR,38,C-terminal,21,21,21
Y,ARR,39,C-terminal,12,12,12
Y,ARR,40,C-terminal,13,13,13
Y,ARR,41,C-terminal,24,24,24
Y,ARR,42,C-terminal,16,16,16
Y,ARR,43,C-terminal,13,13,13
Y,ARR,44,C-terminal,29,29,28
Y,ARR,45,C-terminal,16,16,16
Y,ARR,46,C-terminal,22,22,22
Y,ARR,47,C-terminal,15,15,15
Y,ARR,48,C-terminal,25,25,25
Y,ARR,49,C-terminal,17,17,17
Y,ARR,50,C-terminal,23,23,23
Y,ARR,51,C-terminal,19,19,19
Y,ARR,52,C-terminal,19,19,19
Y,ARR,53,C-terminal,21,21,21
Y,ARR,54,C-terminal,20,20,20
Y,ARR,55,C-terminal,17,17,17
Y,ARR,56,C-terminal,18,18,18
Y,ARR,57,C-terminal,27,27,26
Y,ARR,58,C-terminal,17,17,17
Y,ARR,59,C-terminal,21,21,21
Y,ARR,60,C-terminal,21,21,21
Y,ARR,61,C-terminal,20,20,20
Y,ARR,62,C-terminal,25,25,25
Y,ARR,63,C-terminal,18,18,18
Y,ARR,64,C-terminal,21,21,21
Y,ARR,65,C-terminal,19,19,19
Y,ARR,66,C-terminal,16,16,16
Y,ARR,67,C-terminal,22,22,22
Y,ARR,68,C-terminal,25,25,25
Y,ARR,69,C-terminal,12,12,12
Y,ARR,70,C-terminal,20,20,20
Y,ARR,71,C-terminal,16,16,16
Y,ARR,72,C-terminal,19,19,19
Y,ARR,73,C-terminal,29,29,29
Y,ARR,74,C-terminal,24,24,24
Y,ARR,75,C-terminal,13,13,13
Y,ARR,76,C-terminal,25,25,25
Y,ARR,77,C-terminal,24,24,24
Y,ARR,78,C-terminal,20,20,20
Y,ARR,79,C-terminal,15,15,15
Y,ARR,80,C-terminal,17,17,17
Y,ARR,81,C-terminal,18,18,18
Y,ARR,82,C-terminal,11,11,11
Y,ARR,83,C-terminal,16,16,16
Y,ARR,84,C-terminal,21,21,21
Y,ARR,85,C-terminal,18,18,18
Y,ARR,86,C-terminal,10,10,10
Y,ARR,87,C-terminal,15,15,15
Y,ARR,88,C-terminal,11,11,11
Y,ARR,89,C-terminal,17,17,17
Y,ARR,90,C-terminal,9,9,9
Y,ARR,91,C-terminal,18,18,18
Y,ARR,92,C-terminal,13,13,13
Y,ARR,93,C-terminal,14,14,14
Y,ARR,94,C-terminal,16,16,16
Y,ARR,95,C-terminal,17,17,17
Y,ARR,96,C-terminal,12,12,12
Y,ARR,97,C-terminal,16,16,16
Y,ARR,98,C-terminal,24,24,24
Y,ARR,99,C-terminal,17,17,17
Y,ARR,100,C-terminal,10,10,10
T,GDF,-100,N-terminal,20,20,20
T,GDF,-99,N-terminal,17,17,17
T,GDF,-98,N-terminal,17,17,17
T,GDF,-97,N-terminal,13,13,13
T,GDF,-96,N-terminal,21,21,21
T,GDF,-95,N-terminal,18,18,18
T,GDF,-94,N-terminal,22,22,22
T,GDF,-93,N-terminal,18,18,18
T,GDF,-92,N-terminal,27,27,27
T,GDF,-91,N-terminal,16,16,16
T,GDF,-90,N-terminal,26,26,26
T,GDF,-89,N-terminal,19,19,19
T,GDF,-88,N-terminal,14,14,14
T,GDF,-87,N-terminal,11,11,11
T,GDF,-86,N-terminal,18,18,18
T,GDF,-85,N-terminal,21,21,21
T,GDF,-84,N-terminal,18,18,18
T,GDF,-83,N-terminal,22,22,22
T,GDF,-82,N-terminal,15,15,15
T,GDF,-81,N-terminal,23,23,23
T,GDF,-80,N-terminal,32,32,32
T,GDF,-79,N-terminal,22,22,22
T,GDF,-78,N-terminal,17,17,17
T,GDF,-77,N-terminal,22,22,22
T,GDF,-76,N-terminal,16,16,16
T,GDF,-75,N-terminal,28,28,28
T,GDF,-74,N-terminal,16,16,16
T,GDF,-73,N-terminal,21,21,21
T,GDF,-72,N-terminal,21,21,21
T,GDF,-71,N-terminal,29,29,29
T,GDF,-70,N-terminal,20,20,20
T,GDF,-69,N-terminal,19,19,19
T,GDF,-68,N-terminal,28,28,28
T,GDF,-67,N-terminal,15,15,15
T,GDF,-66,N-terminal,15,15,15
T,GDF,-65,N-terminal,12,12,12
T,GDF,-64,N-terminal,26,26,26
T,GDF,-63,N-terminal,9,9,9
T,GDF,-62,N-terminal,27,27,27
T,GDF,-61,N-terminal,21,21,21
T,GDF,-60,N-terminal,15,15,15
T,GDF,-59,N-terminal,25,25,25
T,GDF,-58,N-terminal,24,24,24
T,GDF,-57,N-terminal,18,18,18
T,GDF,-56,N-terminal,18,18,18
T,GDF,-55,N-terminal,9,9,9
T,GDF,-54,N-terminal,26,26,26
T,GDF,-53,N-terminal,22,22,22
T,GDF,-52,N-terminal,18,18,18
T,GDF,-51,N-terminal,22,22,22
T,GDF,-50,N-terminal,14,14,14
T,GDF,-49,N-terminal,13,13,13
T,GDF,-48,N-terminal,14,14,14
T,GDF,-47,N-terminal,17,17,17
T,GDF,-46,N-terminal,18,18,18
T,GDF,-45,N-terminal,13,13,13
T,GDF,-44,N-terminal,18,18,18
T,GDF,-43,N-terminal,19,19,19
T,GDF,-42,N-terminal,15,15,15
T,GDF,-41,N-terminal,17,17,17
T,GDF,-40,N-terminal,29,29,29
T,GDF,-39,N-terminal,22,22,22
T,GDF,-38,N-terminal,30,30,30
T,GDF,-37,N-terminal,23,23,23
T,GDF,-36,N-terminal,18,18,18
T,GDF,-35,N-terminal,21,21,21
T,GDF,-34,N-terminal,25,25,24
T,GDF,-33,N-terminal,19,19,19
T,GDF,-32,N-terminal,17,17,17
T,GDF,-31,N-terminal,14,14,14
T,GDF,-30,N-terminal,25,25,25
T,GDF,-29,N-terminal,12,12,12
T,GDF,-28,N-terminal,16,16,16
T,GDF,-27,N-terminal,8,8,8
T,GDF,-26,N-terminal,22,22,22
T,GDF,-25,N-terminal,17,17,17
T,GDF,-24,N-terminal,25,25,25
T,GDF,-23,N-terminal,23,23,23
T,GDF,-22,N-terminal,17,17,17
T,GDF,-21,N-terminal,19,19,19
T,GDF,-20,N-terminal,15,15,15
T,GDF,-19,N-terminal,32,32,32
T,GDF,-18,N-terminal,27,27,27
T,GDF,-17,N-terminal,28,28,28
T,GDF,-16,N-terminal,21,21,21
T,GDF,-15,N-terminal,30,30,30
T,GDF,-14,N-terminal,35,35,35
T,GDF,-13,N-terminal,22,22,22
T,GDF,-12,N-terminal,26,26,26
T,GDF,-11,N-terminal,16,16,16
T,GDF,-10,N-terminal,21,21,21
T,GDF,-9,N-terminal,29,29,28
T,GDF,-8,N-terminal,25,25,25
T,GDF,-7,N-terminal,17,17,17
T,GDF,-6,N-terminal,26,26,26
T,GDF,-5,N-terminal,13,13,13
T,GDF,-4,N-terminal,23,23,23
T,GDF,-3,N-terminal,36,36,36
T,GDF,-2,N-terminal,14,14,14
T,GDF,-1,N-terminal,25,25,25
T,GDF,0,overlap,0,0,0
T,GDF,1,C-terminal,15,15,15
T,GDF,2,C-terminal,36,36,36
T,GDF,3,C-terminal,28,28,28
T,GDF,4,C-terminal,23,23,23
T,GDF,5,C-terminal,15,15,15
T,GDF,6,C-terminal,12,12,12
T,GDF,7,C-terminal,19,19,19
T,GDF,8,C-terminal,9,9,9
T,GDF,9,C-terminal,21,21,21
T,GDF,10,C-terminal,17,17,17
T,GDF,11,C-terminal,25,25,25
T,GDF,12,C-terminal,28,28,28
T,GDF,13,C-terminal,24,24,23
T,GDF,14,C-terminal,20,20,20
T,GDF,15,C-terminal,23,23,23
T,GDF,16,C-terminal,15,15,15
T,GDF,17,C-terminal,26,26,26
T,GDF,18,C-terminal,22,22,22
T,GDF,19,C-terminal,18,18,18
T,GDF,20,C-terminal,12,12,12
T,GDF,21,C-terminal,17,17,17
T,GDF,22,C-terminal,11,11,11
T,GDF,23,C-terminal,19,19,19
T,GDF,24,C-terminal,20,20,20
T,GDF,25,C-terminal,21,21,21
T,GDF,26,C-terminal,26,26,26
T,GDF,27,C-terminal,24,24,24
T,GDF,28,C-terminal,37,37,37
T,GDF,29,C-terminal,19,19,19
T,GDF,30,C-terminal,23,23,23
T,GDF,31,C-terminal,27,27,27
T,GDF,32,C-terminal,27,27,27
T,GDF,33,C-terminal,32,32,32
T,GDF,34,C-terminal,22,22,21
T,GDF,35,C-terminal,22,22,22
T,GDF,36,C-terminal,25,25,25
T,GDF,37,C-terminal,20,20,20
T,GDF,38,C-terminal,28,28,28
T,GDF,39,C-terminal,19,19,19
T,GDF,40,C-terminal,24,24,24
T,GDF,41,C-terminal,20,20,20
T,GDF,42,C-terminal,26,26,25
T,GDF,43,C-terminal,22,22,22
T,GDF,44,C-terminal,19,19,19
T,GDF,45,C-terminal,17,17,17
T,GDF,46,C-terminal,26,26,26
T,GDF,47,C-terminal,27,27,27
T,GDF,48,C-terminal,22,22,22
T,GDF,49,C-terminal,16,16,16
T,GDF,50,C-terminal,26,26,26
T,GDF,51,C-terminal,31,31,31
T,GDF,52,C-terminal,19,19,19
T,GDF,53,C-terminal,17,17,17
T,GDF,54,C-terminal,32,32,32
T,GDF,55,C-terminal,33,33,33
T,GDF,56,C-terminal,23,23,23
T,GDF,57,C-terminal,29,29,28
T,GDF,58,C-terminal,14,14,14
T,GDF,59,C-terminal,17,17,16
T,GDF,60,C-terminal,27,27,27
T,GDF,61,C-terminal,17,17,17
T,GDF,62,C-terminal,23,23,23
T,GDF,63,C-terminal,19,19,19
T,GDF,64,C-terminal,26,26,26
T,GDF,65,C-terminal,21,21,21
T,GDF,66,C-terminal,20,20,19
T,GDF,67,C-terminal,28,28,28
T,GDF,68,C-terminal,23,23,23
T,GDF,69,C-terminal,26,26,26
T,GDF,70,C-terminal,23,23,23
T,GDF,71,C-terminal,16,16,16
T,GDF,72,C-terminal,16,16,16
T,GDF,73,C-terminal,14,14,14
T,GDF,74,C-terminal,22,22,22
T,GDF,75,C-terminal,21,21,21
T,GDF,76,C-terminal,27,27,27
T,GDF,77,C-terminal,23,23,23
T,GDF,78,C-terminal,34,34,34
T,GDF,79,C-terminal,12,12,12
T,GDF,80,C-terminal,9,9,9
T,GDF,81,C-terminal,14,14,14
T,GDF,82,C-terminal,20,20,20
T,GDF,83,C-terminal,17,17,17
T,GDF,84,C-terminal,22,22,22
T,GDF,85,C-terminal,20,20,20
T,GDF,86,C-terminal,28,28,28
T,GDF,87,C-terminal,18,18,18
T,GDF,88,C-terminal,20,20,20
T,GDF,89,C-terminal,20,20,20
T,GDF,90,C-terminal,18,18,18
T,GDF,91,C-terminal,20,20,19
T,GDF,92,C-terminal,18,18,18
T,GDF,93,C-terminal,22,22,22
T,GDF,94,C-terminal,12,12,12
T,GDF,95,C-terminal,13,13,13
T,GDF,96,C-terminal,19,19,19
T,GDF,97,C-terminal,17,17,17
T,GDF,98,C-terminal,26,26,26
T,GDF,99,C-terminal,27,27,27
T,GDF,100,C-terminal,15,15,15
T,DGK,-100,N-terminal,35,35,35
T,DGK,-99,N-terminal,28,28,28
T,DGK,-98,N-terminal,39,39,39
T,DGK,-97,N-terminal,40,40,40
T,DGK,-96,N-terminal,33,33,33
T,DGK,-95,N-terminal,34,34,34
T,DGK,-94,N-terminal,42,42,42
T,DGK,-93,N-terminal,27,27,27
T,DGK,-92,N-terminal,43,43,43
T,DGK,-91,N-terminal,28,28,28
T,DGK,-90,N-terminal,43,43,43
T,DGK,-89,N-terminal,38,38,38
T,DGK,-88,N-terminal,24,24,24
T,DGK,-87,N-terminal,29,29,29
T,DGK,-86,N-terminal,33,33,33
T,DGK,-85,N-terminal,40,40,40
T,DGK,-84,N-terminal,36,36,36
T,DGK,-83,N-terminal,44,44,44
T,DGK,-82,N-terminal,31,31,31
T,DGK,-81,N-terminal,20,20,20
T,DGK,-80,N-terminal,30,30,29
T,DGK,-79,N-terminal,31,31,31
T,DGK,-78,N-terminal,35,35,33
T,DGK,-77,N-terminal,42,42,42
T,DGK,-76,N-terminal,51,51,49
T,DGK,-75,N-terminal,28,28,28
T,DGK,-74,N-terminal,38,38,38
T,DGK,-73,N-terminal,59,59,49
T,DGK,-72,N-terminal,37,37,37
T,DGK,-71,N-terminal,37,37,37
T,DGK,-70,N-terminal,47,47,47
T,DGK,-69,N-terminal,31,31,31
T,DGK,-68,N-terminal,31,31,31
T,DGK,-67,N-terminal,36,36,36
T,DGK,-66,N-terminal,35,35,35
T,DGK,-65,N-terminal,32,32,32
T,DGK,-64,N-terminal,47,47,47
T,DGK,-63,N-terminal,26,26,26
T,DGK,-62,N-terminal,35,35,35
T,DGK,-61,N-terminal,41,41,41
T,DGK,-60,N-terminal,37,37,37
T,DGK,-59,N-terminal,31,31,31
T,DGK,-58,N-terminal,50,50,50
T,DGK,-57,N-terminal,33,33,31
T,DGK,-56,N-terminal,36,36,36
T,DGK,-55,N-terminal,40,40,40
T,DGK,-54,N-terminal,37,37,36
T,DGK,-53,N-terminal,37,37,36
T,DGK,-52,N-terminal,45,45,44
T,DGK,-51,N-terminal,25,25,25
T,DGK,-50,N-terminal,41,41,40
T,DGK,-49,N-terminal,39,39,38
T,DGK,-48,N-terminal,35,35,33
T,DGK,-47,N-terminal,37,37,37
T,DGK,-46,N-terminal,51,51,51
T,DGK,-45,N-terminal,27,27,27
T,DGK,-44,N-terminal,45,45,45
T,DGK,-43,N-terminal,23,23,23
T,DGK,-42,N-terminal,49,49,49
T,DGK,-41,N-terminal,36,36,36
T,DGK,-40,N-terminal,35,35,35
T,DGK,-39,N-terminal,38,38,38
T,DGK,-38,N-terminal,36,36,36
T,DGK,-37,N-terminal,37,37,37
T,DGK,-36,N-terminal,36,36,36
T,DGK,-35,N-terminal,27,27,27
T,DGK,-34,N-terminal,40,40,40
T,DGK,-33,N-terminal,47,47,47
T,DGK,-32,N-terminal,38,38,38
T,DGK,-31,N-terminal,33,33,33
T,DGK,-30,N-terminal,31,31,31
T,DGK,-29,N-terminal,41,41,41
T,DGK,-28,N-terminal,37,37,35
T,DGK,-27,N-terminal,40,40,40
T,DGK,-26,N-terminal,44,44,44
T,DGK,-25,N-terminal,40,40,40
T,DGK,-24,N-terminal,32,32,32
T,DGK,-23,N-terminal,29,29,29
T,DGK,-22,N-terminal,32,32,32
T,DGK,-21,N-terminal,34,34,34
T,DGK,-20,N-terminal,45,45,43
T,DGK,-19,N-terminal,61,61,61
T,DGK,-18,N-terminal,35,35,35
T,DGK,-17,N-terminal,45,45,45
T,DGK,-16,N-terminal,39,39,39
T,DGK,-15,N-terminal,33,33,33
T,DGK,-14,N-terminal,35,35,35
T,DGK,-13,N-terminal,52,52,52
T,DGK,-12,N-terminal,43,43,43
T,DGK,-11,N-terminal,39,39,39
T,DGK,-10,N-terminal,64,64,64
T,DGK,-9,N-terminal,53,53,53
T,DGK,-8,N-terminal,59,59,59
T,DGK,-7,N-terminal,47,47,47
T,DGK,-6,N-terminal,47,47,47
T,DGK,-5,N-terminal,50,50,50
T,DGK,-4,N-terminal,52,52,52
T,DGK,-3,N-terminal,32,32,32
T,DGK,-2,N-terminal,30,30,30
T,DGK,-1,N-terminal,40,40,40
T,DGK,0,overlap,0,0,0
T,DGK,1,C-terminal,33,33,33
T,DGK,2,C-terminal,48,48,48
T,DGK,3,C-terminal,40,40,40
T,DGK,4,C-terminal,49,49,49
T,DGK,5,C-terminal,39,39,39
T,DGK,6,C-terminal,47,47,47
T,DGK,7,C-terminal,46,46,45
T,DGK,8,C-terminal,31,31,31
T,DGK,9,C-terminal,70,70,68
T,DGK,10,C-terminal,42,42,41
T,DGK,11,C-terminal,49,49,49
T,DGK,12,C-terminal,50,50,50
T,DGK,13,C-terminal,51,51,51
T,DGK,14,C-terminal,45,45,43
T,DGK,15,C-terminal,37,37,37
T,DGK,16,C-terminal,60,60,59
T,DGK,17,C-terminal,62,62,52
T,DGK,18,C-terminal,49,49,47
T,DGK,19,C-terminal,31,31,31
T,DGK,20,C-terminal,44,44,44
T,DGK,21,C-terminal,34,34,34
T,DGK,22,C-terminal,39,39,39
T,DGK,23,C-terminal,25,25,25
T,DGK,24,C-terminal,31,31,31
T,DGK,25,C-terminal,37,37,37
T,DGK,26,C-terminal,45,45,45
T,DGK,27,C-terminal,25,25,25
T,DGK,28,C-terminal,59,59,59
T,DGK,29,C-terminal,37,37,37
T,DGK,30,C-terminal,45,45,45
T,DGK,31,C-terminal,42,42,41
T,DGK,32,C-terminal,34,34,34
T,DGK,33,C-terminal,36,36,36
T,DGK,34,C-terminal,35,35,35
T,DGK,35,C-terminal,38,38,38
T,DGK,36,C-terminal,46,46,46
T,DGK,37,C-terminal,38,38,37
T,DGK,38,C-terminal,32,32,32
T,DGK,39,C-terminal,37,37,37
T,DGK,40,C-terminal,46,46,46
T,DGK,41,C-terminal,37,37,37
T,DGK,42,C-terminal,54,54,53
T,DGK,43,C-terminal,28,28,28
T,DGK,44,C-terminal,44,44,43
T,DGK,45,C-terminal,34,34,34
T,DGK,46,C-terminal,31,31,31
T,DGK,47,C-terminal,47,47,47
T,DGK,48,C-terminal,40,40,40
T,DGK,49,C-terminal,46,46,46
T,DGK,50,C-terminal,39,39,39
T,DGK,51,C-terminal,57,57,57
T,DGK,52,C-terminal,37,37,37
T,DGK,53,C-terminal,48,48,48
T,DGK,54,C-terminal,38,38,38
T,DGK,55,C-terminal,37,37,37
T,DGK,56,C-terminal,29,29,29
T,DGK,57,C-terminal,41,41,41
T,DGK,58,C-terminal,43,43,43
T,DGK,59,C-terminal,36,36,36
T,DGK,60,C-terminal,44,44,44
T,DGK,61,C-terminal,28,28,28
T,DGK,62,C-terminal,40,40,40
T,DGK,63,C-terminal,40,40,40
T,DGK,64,C-terminal,35,35,35
T,DGK,65,C-terminal,35,35,35
T,DGK,66,C-terminal,28,28,28
T,DGK,67,C-terminal,28,28,28
T,DGK,68,C-terminal,45,45,44
T,DGK,69,C-terminal,35,35,35
T,DGK,70,C-terminal,23,23,23
T,DGK,71,C-terminal,44,44,44
T,DGK,72,C-terminal,38,38,37
T,DGK,73,C-terminal,26,26,26
T,DGK,74,C-terminal,30,30,30
T,DGK,75,C-terminal,28,28,28
T,DGK,76,C-terminal,34,34,34
T,DGK,77,C-terminal,36,36,36
T,DGK,78,C-terminal,36,36,35
T,DGK,79,C-terminal,28,28,28
T,DGK,80,C-terminal,31,31,31
T,DGK,81,C-terminal,34,34,33
T,DGK,82,C-terminal,40,40,40
T,DGK,83,C-terminal,34,34,34
T,DGK,84,C-terminal,25,25,25
T,DGK,85,C-terminal,32,32,32
T,DGK,86,C-terminal,34,34,33
T,DGK,87,C-terminal,23,23,23
T,DGK,88,C-terminal,39,39,39
T,DGK,89,C-terminal,56,56,56
T,DGK,90,C-terminal,38,38,38
T,DGK,91,C-terminal,45,45,44
T,DGK,92,C-terminal,39,39,38
T,DGK,93,C-terminal,41,41,41
T,DGK,94,C-terminal,27,27,27
T,DGK,95,C-terminal,44,44,44
T,DGK,96,C-terminal,38,38,37
T,DGK,97,C-terminal,43,43,43
T,DGK,98,C-terminal,42,42,42
T,DGK,99,C-terminal,30,30,30
T,DGK,100,C-terminal,45,45,45
Y,AAA,-100,N-terminal,67,67,63
Y,AAA,-99,N-terminal,73,73,68
Y,AAA,-98,N-terminal,76,76,71
Y,AAA,-97,N-terminal,51,51,47
Y,AAA,-96,N-terminal,85,85,82
Y,AAA,-95,N-terminal,55,55,54
Y,AAA,-94,N-terminal,54,54,53
Y,AAA,-93,N-terminal,72,72,70
Y,AAA,-92,N-terminal,61,61,59
Y,AAA,-91,N-terminal,57,57,55
Y,AAA,-90,N-terminal,89,89,88
Y,AAA,-89,N-terminal,81,81,80
Y,AAA,-88,N-terminal,68,68,66
Y,AAA,-87,N-terminal,67,67,66
Y,AAA,-86,N-terminal,64,64,64
Y,AAA,-85,N-terminal,60,60,59
Y,AAA,-84,N-terminal,55,55,53
Y,AAA,-83,N-terminal,63,63,60
Y,AAA,-82,N-terminal,77,77,74
Y,AAA,-81,N-terminal,61,61,60
Y,AAA,-80,N-terminal,72,72,70
Y,AAA,-79,N-terminal,59,59,56
Y,AAA,-78,N-terminal,57,57,56
Y,AAA,-77,N-terminal,59,59,58
Y,AAA,-76,N-terminal,55,55,53
Y,AAA,-75,N-terminal,70,70,68
Y,AAA,-74,N-terminal,58,58,58
Y,AAA,-73,N-terminal,62,62,62
Y,AAA,-72,N-terminal,59,59,57
Y,AAA,-71,N-terminal,66,66,65
Y,AAA,-70,N-terminal,54,54,53
Y,AAA,-69,N-terminal,67,67,67
Y,AAA,-68,N-terminal,62,62,60
Y,AAA,-67,N-terminal,61,61,59
Y,AAA,-66,N-terminal,62,62,59
Y,AAA,-65,N-terminal,73,73,70
Y,AAA,-64,N-terminal,70,70,68
Y,AAA,-63,N-terminal,64,64,64
Y,AAA,-62,N-terminal,67,67,67
Y,AAA,-61,N-terminal,75,75,73
Y,AAA,-60,N-terminal,60,60,60
Y,AAA,-59,N-terminal,58,58,57
Y,AAA,-58,N-terminal,64,64,62
Y,AAA,-57,N-terminal,76,76,73
Y,AAA,-56,N-terminal,72,72,69
Y,AAA,-55,N-terminal,85,85,82
Y,AAA,-54,N-terminal,75,75,71
Y,AAA,-53,N-terminal,63,63,63
Y,AAA,-52,N-terminal,61,61,61
Y,AAA,-51,N-terminal,67,67,65
Y,AAA,-50,N-terminal,71,71,70
Y,AAA,-49,N-terminal,72,72,71
Y,AAA,-48,N-terminal,84,84,84
Y,AAA,-47,N-terminal,99,99,99
Y,AAA,-46,N-terminal,75,75,73
Y,AAA,-45,N-terminal,62,62,60
Y,AAA,-44,N-terminal,60,60,59
Y,AAA,-43,N-terminal,64,64,61
Y,AAA,-42,N-terminal,75,75,73
Y,AAA,-41,N-terminal,73,73,72
Y,AAA,-40,N-terminal,66,66,64
Y,AAA,-39,N-terminal,76,76,74
Y,AAA,-38,N-terminal,77,77,75
Y,AAA,-37,N-terminal,66,66,62
Y,AAA,-36,N-terminal,63,63,60
Y,AAA,-35,N-terminal,80,80,76
Y,AAA,-34,N-terminal,67,67,62
Y,AAA,-33,N-terminal,66,66,62
Y,AAA,-32,N-terminal,52,52,48
Y,AAA,-31,N-terminal,55,55,54
Y,AAA,-30,N-terminal,66,66,66
Y,AAA,-29,N-terminal,71,71,67
Y,AAA,-28,N-terminal,71,71,68
Y,AAA,-27,N-terminal,71,71,68
Y,AAA,-26,N-terminal,67,67,61
Y,AAA,-25,N-terminal,73,73,69
Y,AAA,-24,N-terminal,64,64,60
Y,AAA,-23,N-terminal,69,69,67
Y,AAA,-22,N-terminal,48,48,47
Y,AAA,-21,N-terminal,58,58,56
Y,AAA,-20,N-terminal,63,63,62
Y,AAA,-19,N-terminal,81,81,79
Y,AAA,-18,N-terminal,63,63,62
Y,AAA,-17,N-terminal,56,56,54
Y,AAA,-16,N-terminal,65,65,64
Y,AAA,-15,N-terminal,77,77,74
Y,AAA,-14,N-terminal,75,75,71
Y,AAA,-13,N-terminal,67,67,64
Y,AAA,-12,N-terminal,71,71,67
Y,AAA,-11,N-terminal,59,59,58
Y,AAA,-10,N-terminal,77,77,74
Y,AAA,-9,N-terminal,73,73,71
Y,AAA,-8,N-terminal,64,64,63
Y,AAA,-7,N-terminal,83,83,83
Y,AAA,-6,N-terminal,57,57,56
Y,AAA,-5,N-terminal,39,39,37
Y,AAA,-4,N-terminal,49,49,48
Y,AAA,-3,N-terminal,55,55,53
Y,AAA,-2,N-terminal,52,52,52
Y,AAA,-1,N-terminal,43,43,43
Y,AAA,0,overlap,0,0,0
Y,AAA,1,C-terminal,28,28,28
Y,AAA,2,C-terminal,30,30,29
Y,AAA,3,C-terminal,33,33,32
Y,AAA,4,C-terminal,39,39,38
Y,AAA,5,C-terminal,41,41,38
Y,AAA,6,C-terminal,43,43,39
Y,AAA,7,C-terminal,45,45,41
Y,AAA,8,C-terminal,66,66,62
Y,AAA,9,C-terminal,69,69,67
Y,AAA,10,C-terminal,44,44,42
Y,AAA,11,C-terminal,48,48,44
Y,AAA,12,C-terminal,46,46,44
Y,AAA,13,C-terminal,62,62,59
Y,AAA,14,C-terminal,54,54,51
Y,AAA,15,C-terminal,63,63,60
Y,AAA,16,C-terminal,58,58,54
Y,AAA,17,C-terminal,57,57,56
Y,AAA,18,C-terminal,48,48,47
Y,AAA,19,C-terminal,57,57,56
Y,AAA,20,C-terminal,59,59,59
Y,AAA,21,C-terminal,53,53,53
Y,AAA,22,C-terminal,54,54,53
Y,AAA,23,C-terminal,68,68,66
Y,AAA,24,C-terminal,50,50,50
Y,AAA,25,C-terminal,65,65,64
Y,AAA,26,C-terminal,68,68,67
Y,AAA,27,C-terminal,59,59,57
Y,AAA,28,C-terminal,54,54,53
Y,AAA,29,C-terminal,43,43,43
Y,AAA,30,C-terminal,52,52,50
Y,AAA,31,C-terminal,63,63,58
Y,AAA,32,C-terminal,68,68,65
Y,AAA,33,C-terminal,67,67,66
Y,AAA,34,C-terminal,76,76,74
Y,AAA,35,C-terminal,72,72,69
Y,AAA,36,C-terminal,78,78,77
Y,AAA,37,C-terminal,72,72,69
Y,AAA,38,C-terminal,66,66,62
Y,AAA,39,C-terminal,79,79,77
Y,AAA,40,C-terminal,68,68,67
Y,AAA,41,C-terminal,76,76,74
Y,AAA,42,C-terminal,71,71,67
Y,AAA,43,C-terminal,63,63,59
Y,AAA,44,C-terminal,73,73,68
Y,AAA,45,C-terminal,91,91,85
Y,AAA,46,C-terminal,84,84,79
Y,AAA,47,C-terminal,87,87,82
Y,AAA,48,C-terminal,75,75,73
Y,AAA,49,C-terminal,81,81,77
Y,AAA,50,C-terminal,63,63,61
Y,AAA,51,C-terminal,75,75,72
Y,AAA,52,C-terminal,70,70,64
Y,AAA,53,C-terminal,60,60,57
Y,AAA,54,C-terminal,50,50,49
Y,AAA,55,C-terminal,49,49,49
Y,AAA,56,C-terminal,55,55,55
Y,AAA,57,C-terminal,49,49,48
Y,AAA,58,C-terminal,47,47,47
Y,AAA,59,C-terminal,31,31,31
Y,AAA,60,C-terminal,42,42,40
Y,AAA,61,C-terminal,43,43,43
Y,AAA,62,C-terminal,59,59,59
Y,AAA,63,C-terminal,58,58,58
Y,AAA,64,C-terminal,58,58,58
Y,AAA,65,C-terminal,47,47,46
Y,AAA,66,C-terminal,56,56,52
Y,AAA,67,C-terminal,55,55,52
Y,AAA,68,C-terminal,32,32,31
Y,AAA,69,C-terminal,42,42,40
Y,AAA,70,C-terminal,54,54,52
Y,AAA,71,C-terminal,65,65,63
Y,AAA,72,C-terminal,55,55,54
Y,AAA,73,C-terminal,53,53,52
Y,AAA,74,C-terminal,47,47,47
Y,AAA,75,C-terminal,47,47,46
Y,AAA,76,C-terminal,50,50,48
Y,AAA,77,C-terminal,65,65,61
Y,AAA,78,C-terminal,47,47,44
Y,AAA,79,C-terminal,46,46,45
Y,AAA,80,C-terminal,42,42,41
Y,AAA,81,C-terminal,64,64,60
Y,AAA,82,C-terminal,68,68,66
Y,AAA,83,C-terminal,50,50,48
Y,AAA,84,C-terminal,40,40,36
Y,AAA,85,C-terminal,59,59,54
Y,AAA,86,C-terminal,61,61,55
Y,AAA,87,C-terminal,56,56,52
Y,AAA,88,C-terminal,40,40,35
Y,AAA,89,C-terminal,45,45,41
Y,AAA,90,C-terminal,53,53,49
Y,AAA,91,C-terminal,69,69,66
Y,AAA,92,C-terminal,51,51,47
Y,AAA,93,C-terminal,46,46,45
Y,AAA,94,C-terminal,40,40,40
Y,AAA,95,C-terminal,44,44,44
Y,AAA,96,C-terminal,66,66,64
Y,AAA,97,C-terminal,53,53,52
Y,AAA,98,C-terminal,42,42,41
Y,AAA,99,C-terminal,52,52,50
Y,AAA,100,C-terminal,48,48,47
S,HED,-100,N-terminal,36,36,36
S,HED,-99,N-terminal,44,44,44
S,HED,-98,N-terminal,30,30,30
S,HED,-97,N-terminal,33,33,33
S,HED,-96,N-terminal,28,28,27
S,HED,-95,N-terminal,44,44,44
S,HED,-94,N-terminal,40,40,38
S,HED,-93,N-terminal,23,23,23
S,HED,-92,N-terminal,29,29,29
S,HED,-91,N-terminal,39,39,39
S,HED,-90,N-terminal,42,42,42
S,HED,-89,N-terminal,23,23,23
S,HED,-88,N-terminal,38,38,38
S,HED,-87,N-terminal,29,29,29
S,HED,-86,N-terminal,31,31,31
S,HED,-85,N-terminal,34,34,34
S,HED,-84,N-terminal,29,29,29
S,HED,-83,N-terminal,33,33,33
S,HED,-82,N-terminal,35,35,35
S,HED,-81,N-terminal,35,35,35
S,HED,-80,N-terminal,38,38,38
S,HED,-79,N-terminal,35,35,35
S,HED,-78,N-terminal,26,26,26
S,HED,-77,N-terminal,44,44,44
S,HED,-76,N-terminal,32,32,32
S,HED,-75,N-terminal,40,40,40
S,HED,-74,N-terminal,37,37,37
S,HED,-73,N-terminal,39,39,39
S,HED,-72,N-terminal,46,46,46
S,HED,-71,N-terminal,24,24,24
S,HED,-70,N-terminal,32,32,32
S,HED,-69,N-terminal,35,35,35
S,HED,-68,N-terminal,32,32,32
S,HED,-67,N-terminal,44,44,44
S,HED,-66,N-terminal,40,40,39
S,HED,-65,N-terminal,36,36,34
S,HED,-64,N-terminal,30,30,29
S,HED,-63,N-terminal,45,45,45
S,HED,-62,N-terminal,32,32,32
S,HED,-61,N-terminal,41,41,39
S,HED,-60,N-terminal,21,21,21
S,HED,-59,N-terminal,33,33,33
S,HED,-58,N-terminal,26,26,26
S,HED,-57,N-terminal,34,34,34
S,HED,-56,N-terminal,34,34,33
S,HED,-55,N-terminal,43,43,43
S,HED,-54,N-terminal,31,31,31
S,HED,-53,N-terminal,48,48,46
S,HED,-52,N-terminal,38,38,37
S,HED,-51,N-terminal,31,31,31
S,HED,-50,N-terminal,24,24,23
S,HED,-49,N-terminal,30,30,29
S,HED,-48,N-terminal,22,22,22
S,HED,-47,N-terminal,32,32,32
S,HED,-46,N-terminal,31,31,31
S,HED,-45,N-terminal,21,21,21
S,HED,-44,N-terminal,42,42,42
S,HED,-43,N-terminal,48,48,48
S,HED,-42,N-terminal,33,33,33
S,HED,-41,N-terminal,34,34,34
S,HED,-40,N-terminal,30,30,30
S,HED,-39,N-terminal,35,35,35
S,HED,-38,N-terminal,27,27,27
S,HED,-37,N-terminal,30,30,28
S,HED,-36,N-terminal,24,24,23
S,HED,-35,N-terminal,22,22,22
S,HED,-34,N-terminal,23,23,23
S,HED,-33,N-terminal,31,31,31
S,HED,-32,N-terminal,35,35,35
S,HED,-31,N-terminal,44,44,44
S,HED,-30,N-terminal,38,38,38
S,HED,-29,N-terminal,47,47,47
S,HED,-28,N-terminal,38,38,38
S,HED,-27,N-terminal,36,36,36
S,HED,-26,N-terminal,36,36,36
S,HED,-25,N-terminal,58,58,49
S,HED,-24,N-terminal,52,52,43
S,HED,-23,N-terminal,33,33,31
S,HED,-22,N-terminal,37,37,35
S,HED,-21,N-terminal,33,33,33
S,HED,-20,N-terminal,47,47,47
S,HED,-19,N-terminal,39,39,39
S,HED,-18,N-terminal,33,33,33
S,HED,-17,N-terminal,38,38,38
S,HED,-16,N-terminal,44,44,44
S,HED,-15,N-terminal,44,44,44
S,HED,-14,N-terminal,53,53,45
S,HED,-13,N-terminal,32,32,32
S,HED,-12,N-terminal,33,33,33
S,HED,-11,N-terminal,42,42,42
S,HED,-10,N-terminal,29,29,29
S,HED,-9,N-terminal,35,35,35
S,HED,-8,N-terminal,47,47,47
S,HED,-7,N-terminal,30,30,30
S,HED,-6,N-terminal,43,43,43
S,HED,-5,N-terminal,33,33,33
S,HED,-4,N-terminal,39,39,39
S,HED,-3,N-terminal,28,28,28
S,HED,-2,N-terminal,31,31,30
S,HED,-1,N-terminal,39,39,39
S,HED,0,overlap,0,0,0
S,HED,1,C-terminal,51,51,50
S,HED,2,C-terminal,55,55,55
S,HED,3,C-terminal,25,25,25
S,HED,4,C-terminal,45,45,45
S,HED,5,C-terminal,38,38,38
S,HED,6,C-terminal,33,33,33
S,HED,7,C-terminal,33,33,33
S,HED,8,C-terminal,41,41,41
S,HED,9,C-terminal,47,47,47
S,HED,10,C-terminal,38,38,38
S,HED,11,C-terminal,43,43,42
S,HED,12,C-terminal,30,30,30
S,HED,13,C-terminal,39,39,39
S,HED,14,C-terminal,52,52,52
S,HED,15,C-terminal,27,27,27
S,HED,16,C-terminal,26,26,26
S,HED,17,C-terminal,34,34,34
S,HED,18,C-terminal,37,37,37
S,HED,19,C-terminal,42,42,42
S,HED,20,C-terminal,31,31,31
S,HED,21,C-terminal,28,28,28
S,HED,22,C-terminal,28,28,28
S,HED,23,C-terminal,27,27,27
S,HED,24,C-terminal,27,27,27
S,HED,25,C-terminal,26,26,26
S,HED,26,C-terminal,32,32,32
S,HED,27,C-terminal,23,23,23
S,HED,28,C-terminal,46,46,46
S,HED,29,C-terminal,38,38,38
S,HED,30,C-terminal,34,34,32
S,HED,31,C-terminal,27,27,27
S,HED,32,C-terminal,38,38,38
S,HED,33,C-terminal,37,37,30
S,HED,34,C-terminal,20,20,20
S,HED,35,C-terminal,28,28,28
S,HED,36,C-terminal,32,32,30
S,HED,37,C-terminal,29,29,29
S,HED,38,C-terminal,33,33,33
S,HED,39,C-terminal,37,37,36
S,HED,40,C-terminal,47,47,47
S,HED,41,C-terminal,36,36,36
S,HED,42,C-terminal,26,26,26
S,HED,43,C-terminal,24,24,24
S,HED,44,C-terminal,36,36,33
S,HED,45,C-terminal,22,22,22
S,HED,46,C-terminal,19,19,19
S,HED,47,C-terminal,26,26,26
S,HED,48,C-terminal,28,28,28
S,HED,49,C-terminal,28,28,28
S,HED,50,C-terminal,35,35,35
S,HED,51,C-terminal,42,42,42
S,HED,52,C-terminal,21,21,21
S,HED,53,C-terminal,34,34,34
S,HED,54,C-terminal,29,29,29
S,HED,55,C-terminal,34,34,34
S,HED,56,C-terminal,46,46,46
S,HED,57,C-terminal,42,42,42
S,HED,58,C-terminal,26,26,26
S,HED,59,C-terminal,47,47,47
S,HED,60,C-terminal,36,36,36
S,HED,61,C-terminal,36,36,36
S,HED,62,C-terminal,29,29,29
S,HED,63,C-terminal,45,45,44
S,HED,64,C-terminal,34,34,34
S,HED,65,C-terminal,36,36,36
S,HED,66,C-terminal,41,41,41
S,HED,67,C-terminal,43,43,35
S,HED,68,C-terminal,34,34,26
S,HED,69,C-terminal,33,33,33
S,HED,70,C-terminal,24,24,24
S,HED,71,C-terminal,33,33,33
S,HED,72,C-terminal,30,30,30
S,HED,73,C-terminal,40,40,40
S,HED,74,C-terminal,38,38,37
S,HED,75,C-terminal,31,31,31
S,HED,76,C-terminal,29,29,29
S,HED,77,C-terminal,34,34,34
S,HED,78,C-terminal,38,38,31
S,HED,79,C-terminal,39,39,38
S,HED,80,C-terminal,34,34,34
S,HED,81,C-terminal,36,36,36
S,HED,82,C-terminal,36,36,34
S,HED,83,C-terminal,38,38,38
S,HED,84,C-terminal,40,40,40
S,HED,85,C-terminal,26,26,26
S,HED,86,C-terminal,43,43,43
S,HED,87,C-terminal,41,41,41
S,HED,88,C-terminal,36,36,36
S,HED,89,C-terminal,27,27,27
S,HED,90,C-terminal,39,39,39
S,HED,91,C-terminal,26,26,26
S,HED,92,C-terminal,33,33,33
S,HED,93,C-terminal,39,39,39
S,HED,94,C-terminal,27,27,27
S,HED,95,C-terminal,35,35,35
S,HED,96,C-terminal,23,23,22
S,HED,97,C-terminal,32,32,32
S,HED,98,C-terminal,21,21,21
S,HED,99,C-terminal,36,36,36
S,HED,100,C-terminal,26,26,26
Y,CF,-100,N-terminal,43,43,43
Y,CF,-99,N-terminal,62,62,62
Y,CF,-98,N-terminal,56,56,56
Y,CF,-97,N-terminal,58,58,57
Y,CF,-96,N-terminal,42,42,42
Y,CF,-95,N-terminal,39,39,39
Y,CF,-94,N-terminal,55,55,55
Y,CF,-93,N-terminal,46,46,46
Y,CF,-92,N-terminal,48,48,48
Y,CF,-91,N-terminal,35,35,35
Y,CF,-90,N-terminal,45,45,45
Y,CF,-89,N-terminal,50,50,50
Y,CF,-88,N-terminal,33,33,33
Y,CF,-87,N-terminal,50,50,50
Y,CF,-86,N-terminal,46,46,46
Y,CF,-85,N-terminal,45,45,45
Y,CF,-84,N-terminal,28,28,28
Y,CF,-83,N-terminal,70,70,70
Y,CF,-82,N-terminal,52,52,52
Y,CF,-81,N-terminal,49,49,49
Y,CF,-80,N-terminal,42,42,42
Y,CF,-79,N-terminal,52,52,52
Y,CF,-78,N-terminal,31,31,31
Y,CF,-77,N-terminal,50,50,50
Y,CF,-76,N-terminal,34,34,34
Y,CF,-75,N-terminal,45,45,45
Y,CF,-74,N-terminal,43,43,43
Y,CF,-73,N-terminal,39,39,39
Y,CF,-72,N-terminal,57,57,57
Y,CF,-71,N-terminal,38,38,38
Y,CF,-70,N-terminal,48,48,48
Y,CF,-69,N-terminal,62,62,62
Y,CF,-68,N-terminal,64,64,63
Y,CF,-67,N-terminal,28,28,28
Y,CF,-66,N-terminal,49,49,49
Y,CF,-65,N-terminal,48,48,48
Y,CF,-64,N-terminal,43,43,43
Y,CF,-63,N-terminal,52,52,52
Y,CF,-62,N-terminal,36,36,36
Y,CF,-61,N-terminal,64,64,64
Y,CF,-60,N-terminal,61,61,61
Y,CF,-59,N-terminal,49,49,48
Y,CF,-58,N-terminal,47,47,47
Y,CF,-57,N-terminal,36,36,36
Y,CF,-56,N-terminal,54,54,53
Y,CF,-55,N-terminal,40,40,40
Y,CF,-54,N-terminal,43,43,43
Y,CF,-53,N-terminal,50,50,50
Y,CF,-52,N-terminal,38,38,38
Y,CF,-51,N-terminal,47,47,46
Y,CF,-50,N-terminal,46,46,46
Y,CF,-49,N-terminal,39,39,38
Y,CF,-48,N-terminal,50,50,50
Y,CF,-47,N-terminal,46,46,46
Y,CF,-46,N-terminal,55,55,55
Y,CF,-45,N-terminal,39,39,39
Y,CF,-44,N-terminal,30,30,30
Y,CF,-43,N-terminal,37,37,37
Y,CF,-42,N-terminal,70,70,70
Y,CF,-41,N-terminal,44,44,44
Y,CF,-40,N-terminal,43,43,43
Y,CF,-39,N-terminal,58,58,58
Y,CF,-38,N-terminal,63,63,61
Y,CF,-37,N-terminal,62,62,62
Y,CF,-36,N-terminal,55,55,55
Y,CF,-35,N-terminal,55,55,55
Y,CF,-34,N-terminal,59,59,59
Y,CF,-33,N-terminal,75,75,74
Y,CF,-32,N-terminal,53,53,53
Y,CF,-31,N-terminal,66,66,66
Y,CF,-30,N-terminal,49,49,49
Y,CF,-29,N-terminal,45,45,45
Y,CF,-28,N-terminal,57,57,57
Y,CF,-27,N-terminal,62,62,61
Y,CF,-26,N-terminal,35,35,35
Y,CF,-25,N-terminal,46,46,46
Y,CF,-24,N-terminal,52,52,52
Y,CF,-23,N-terminal,59,59,59
Y,CF,-22,N-terminal,50,50,48
Y,CF,-21,N-terminal,40,40,40
Y,CF,-20,N-terminal,41,41,41
Y,CF,-19,N-terminal,52,52,52
Y,CF,-18,N-terminal,54,54,54
Y,CF,-17,N-terminal,51,51,50
Y,CF,-16,N-terminal,50,50,50
Y,CF,-15,N-terminal,49,49,49
Y,CF,-14,N-terminal,48,48,48
Y,CF,-13,N-terminal,56,56,55
Y,CF,-12,N-terminal,42,42,42
Y,CF,-11,N-terminal,43,43,43
Y,CF,-10,N-terminal,46,46,46
Y,CF,-9,N-terminal,55,55,55
Y,CF,-8,N-terminal,39,39,39
Y,CF,-7,N-terminal,42,42,42
Y,CF,-6,N-terminal,28,28,28
Y,CF,-5,N-terminal,34,34,34
Y,CF,-4,N-terminal,20,20,20
Y,CF,-3,N-terminal,31,31,28
Y,CF,-2,N-terminal,28,28,28
Y,CF,-1,N-terminal,36,36,35
Y,CF,0,overlap,0,0,0
Y,CF,1,C-terminal,35,35,35
Y,CF,2,C-terminal,24,24,24
Y,CF,3,C-terminal,38,38,38
Y,CF,4,C-terminal,35,35,34
Y,CF,5,C-terminal,40,40,40
Y,CF,6,C-terminal,29,29,29
Y,CF,7,C-terminal,37,37,37
Y,CF,8,C-terminal,34,34,34
Y,CF,9,C-terminal,35,35,33
Y,CF,10,C-terminal,45,45,45
Y,CF,11,C-terminal,25,25,25
Y,CF,12,C-terminal,44,44,43
Y,CF,13,C-terminal,47,47,47
Y,CF,14,C-terminal,42,42,42
Y,CF,15,C-terminal,25,25,25
Y,CF,16,C-terminal,50,50,49
Y,CF,17,C-terminal,55,55,55
Y,CF,18,C-terminal,44,44,44
Y,CF,19,C-terminal,32,32,32
Y,CF,20,C-terminal,40,40,40
Y,CF,21,C-terminal,41,41,41
Y,CF,22,C-terminal,53,53,53
Y,CF,23,C-terminal,60,60,60
Y,CF,24,C-terminal,59,59,59
Y,CF,25,C-terminal,55,55,55
Y,CF,26,C-terminal,43,43,42
Y,CF,27,C-terminal,52,52,52
Y,CF,28,C-terminal,50,50,50
Y,CF,29,C-terminal,40,40,40
Y,CF,30,C-terminal,51,51,50
Y,CF,31,C-terminal,51,51,51
Y,CF,32,C-terminal,33,33,33
Y,CF,33,C-terminal,50,50,50
Y,CF,34,C-terminal,37,37,37
Y,CF,35,C-terminal,57,57,57
Y,CF,36,C-terminal,41,41,41
Y,CF,37,C-terminal,39,39,39
Y,CF,38,C-terminal,38,38,38
Y,CF,39,C-terminal,49,49,49
Y,CF,40,C-terminal,39,39,39
Y,CF,41,C-terminal,55,55,55
Y,CF,42,C-terminal,59,59,59
Y,CF,43,C-terminal,40,40,40
Y,CF,44,C-terminal,45,45,45
Y,CF,45,C-terminal,40,40,40
Y,CF,46,C-terminal,48,48,48
Y,CF,47,C-terminal,54,54,54
Y,CF,48,C-terminal,68,68,68
Y,CF,49,C-terminal,48,48,48
Y,CF,50,C-terminal,46,46,46
Y,CF,51,C-terminal,49,49,49
Y,CF,52,C-terminal,55,55,55
Y,CF,53,C-terminal,59,59,59
Y,CF,54,C-terminal,52,52,52
Y,CF,55,C-terminal,46,46,46
Y,CF,56,C-terminal,40,40,40
Y,CF,57,C-terminal,38,38,38
Y,CF,58,C-terminal,53,53,53
Y,CF,59,C-terminal,51,51,51
Y,CF,60,C-terminal,38,38,38
Y,CF,61,C-terminal,40,40,40
Y,CF,62,C-terminal,39,39,39
Y,CF,63,C-terminal,46,46,46
Y,CF,64,C-terminal,60,60,60
Y,CF,65,C-terminal,44,44,44
Y,CF,66,C-terminal,37,37,37
Y,CF,67,C-terminal,51,51,51
Y,CF,68,C-terminal,43,43,43
Y,CF,69,C-terminal,43,43,43
Y,CF,70,C-terminal,50,50,50
Y,CF,71,C-terminal,61,61,60
Y,CF,72,C-terminal,51,51,51
Y,CF,73,C-terminal,31,31,31
Y,CF,74,C-terminal,48,48,48
Y,CF,75,C-terminal,33,33,33
Y,CF,76,C-terminal,32,32,32
Y,CF,77,C-terminal,53,53,53
Y,CF,78,C-terminal,51,51,50
Y,CF,79,C-terminal,48,48,48
Y,CF,80,C-terminal,46,46,46
Y,CF,81,C-terminal,53,53,53
Y,CF,82,C-terminal,35,35,35
Y,CF,83,C-terminal,43,43,43
Y,CF,84,C-terminal,31,31,31
Y,CF,85,C-terminal,47,47,47
Y,CF,86,C-terminal,54,54,54
Y,CF,87,C-terminal,46,46,46
Y,CF,88,C-terminal,46,46,46
Y,CF,89,C-terminal,52,52,51
Y,CF,90,C-terminal,42,42,42
Y,CF,91,C-terminal,50,50,50
Y,CF,92,C-terminal,30,30,30
Y,CF,93,C-terminal,46,46,46
Y,CF,94,C-terminal,47,47,47
Y,CF,95,C-terminal,55,55,55
Y,CF,96,C-terminal,57,57,57
Y,CF,97,C-terminal,57,57,57
Y,CF,98,C-terminal,47,47,47
Y,CF,99,C-terminal,36,36,36
Y,CF,100,C-terminal,45,45,45
