token,protein_family_count,total_observation_count,mapped_observation_count,unmapped_observation_count
LNF,5,660,646,14
NH,30,397,281,116
LIR,14,179,172,7
WI,11,176,31,145
ARR,7,171,146,25
GDF,10,151,126,25
DGK,3,112,95,17
AAA,4,106,11,95
HED,4,112,106,6
CF,19,85,57,28
QRR,10,82,67,15
IKP,5,76,73,3
DEE,8,74,40,34
WK,15,73,39,34
GDR,8,65,52,13
CH,13,58,38,20
EDA,3,55,7,48
GER,6,47,41,6
ELD,7,43,12,31
AAR,10,42,34,8
GEV,11,38,33,5
MER,8,38,35,3
LGP,2,35,14,21
VAD,4,34,28,6
VEP,3,32,30,2
FGG,5,31,17,14
LDF,5,30,21,9
LEA,7,26,12,14
GLQ,3,22,5,17
VNP,2,22,5,17
VPA,3,22,3,19
GGD,4,19,14,5
AQK,4,17,10,7
RPR,3,17,4,13
GDD,4,14,5,9
VAF,5,14,8,6
INP,0,11,0,11
CC,5,10,9,1
EGM,3,8,6,2
FDP,3,8,3,5
ANP,3,7,4,3
LEP,1,6,1,5
MPK,1,2,1,1
