token,1–2 Å,2–3 Å,3–4 Å,4–5 Å,5–6 Å,6–7 Å,7–8 Å,8–9 Å,9–10 Å,total_structures
LNF,0,126,514,1,5,4,1,1,3,655
NH,7,35,71,19,46,66,14,30,106,394
LIR,6,57,4,11,71,14,7,5,4,179
WI,1,0,15,7,2,22,63,48,18,176
ARR,10,119,7,2,1,10,7,6,6,168
GDF,0,9,5,9,46,5,22,24,29,149
DGK,0,0,5,4,2,3,4,35,59,112
AAA,4,67,13,2,2,0,8,1,9,106
HED,1,1,1,0,1,7,18,41,36,106
CF,1,1,10,3,3,13,19,16,19,85
QRR,3,42,13,3,2,8,1,2,8,82
IKP,0,9,2,3,5,7,7,7,36,76
DEE,14,0,5,7,7,3,15,12,11,74
WK,3,4,4,1,1,3,16,22,19,73
GDR,2,16,15,2,8,6,5,3,8,65
CH,0,1,4,4,2,2,14,11,20,58
EDA,0,1,2,3,1,5,7,21,15,55
GER,0,2,6,20,3,4,5,3,3,46
ELD,3,0,5,1,14,6,5,5,4,43
AAR,4,3,6,3,1,1,3,9,12,42
GEV,2,0,0,4,1,4,7,10,10,38
MER,0,6,5,4,6,3,4,5,5,38
LGP,7,2,0,0,0,5,7,6,8,35
VAD,0,0,3,1,0,5,9,6,9,33
VEP,1,0,3,0,0,1,18,5,4,32
FGG,0,0,1,20,2,1,0,2,5,31
LDF,0,0,0,1,1,7,4,8,9,30
LEA,0,4,2,0,0,8,3,4,5,26
GLQ,1,0,0,0,3,0,2,10,6,22
VNP,1,0,2,2,0,10,3,1,3,22
VPA,14,0,0,1,1,0,0,3,3,22
GGD,0,0,5,7,2,1,2,0,2,19
AQK,0,1,0,6,3,2,3,2,0,17
RPR,4,4,2,0,3,1,2,0,1,17
GDD,0,1,1,0,2,0,2,4,4,14
VAF,0,0,1,0,0,1,7,3,2,14
INP,0,1,1,0,2,2,0,0,5,11
CC,0,0,4,2,0,0,3,0,1,10
EGM,0,0,0,0,2,4,0,0,2,8
FDP,0,0,1,0,2,3,1,1,0,8
ANP,0,0,1,0,1,0,1,1,3,7
LEP,0,0,0,0,0,0,0,2,4,6
MPK,0,0,0,0,0,1,1,0,0,2
