Hidden state,S tokens,T tokens,Y tokens
0,"EM, GGP, VR, MP, GEI","IKR, VR, LKR, VM, NN","LNP, GF, VQ, IP, EL"
1,"EPA, VEK, VEQ, VEP, CC","VEP, VEQ, VEK, VLQ, QQQQ","GDP, GGD, EKK, DG, HI"
2,"EPA, EAQ, RPF, DEA, MPK","VEQ, VLQ, VEK, EDF, MH","IC, AAA, LQR, LW, VG"
3,"GAAP, NQP, HPP, GMP, DEA","VEQ, VEK, VLQ, GHP, LQQ","DDD, LKP, KQ, RPR, VG"
4,"HPP, MER, NQP, GAAP, NLK","HRR, VEQ, GHP, LQQ, FC","DDD, FC, EDP, IC, CD"
5,"HPP, DGD, MER, DDN, QDD","CEE, GHP, EDD, LQQ, GPK","FC, DDD, AG, LEN, EDP"
6,"HPP, DVV, DGD, DDN, EAEK","ALH, LQQ, EDD, EKP, GHP","EER, LGP, AEA, AG, DDD"
7,"DAD, MER, HPP, DVV, DGP","ALH, LQQ, EKP, GHP, EDD","ILA, AEA, CD, RD, LGP"
8,"HPP, IDD, AGI, DVV, QQH","FC, GHP, LQQ, GPK, QGQ","FC, EDP, LGP, LEP, EAK"
9,"HPP, DVV, IDD, EEC, IVD","FC, GHP, EDN, QGQ, EGQ","FC, EDP, LGP, EAK, GGK"
10,"INP, IDD, FDD, DVV, HPP","FC, VGN, GHP, VNP, EDN","FC, EDP, LGP, VLL, EAK"
11,"QDI, FDD, DVV, IDD, HPP","VGN, GHP, FC, EDN, VNP","LGP, CH, EDP, GLR, FC"
12,"WI, HED, VAF, QDI, FDD","GDD, VGN, FRR, FKK, VNP","GEV, LGP, CF, CH, CC"
13,"WI, HED, LNF, VAF, INP","GDD, VNP, FGG, LIR, FRR","WK, GEV, CC, CF, LGP"
14,"HED, LNF, WI, VAF, IVK","GDD, VNP, FGG, LIR, GLQ","CH, GEV, CF, WK, LGP"
15,"HED, LNF, WI, VAF, ANP","GDD, FGG, VNP, GLQ, LIR","WK, GEV, CH, CF, LGP"
16,"HED, LNF, WI, VAF, ANP","GDD, FGG, GDF, GLQ, VNP","WK, GEV, CF, CH, NH"
17,"HED, LNF, WI, VAF, ANP","GDD, FGG, GDF, VNP, GDR","GEV, WK, LEA, CF, AQK"
18,"HED, LNF, WI, VAF, ANP","FGG, GDD, GDF, GDR, LDF","GEV, WK, AAA, AQK, LEA"
19,"HED, LNF, WI, VAF, ANP","FGG, GDD, GDF, GDR, VNP","GEV, WK, LEA, AQK, AAA"
20,"HED, LNF, WI, VAF, ANP","GDD, FGG, GDF, GDR, VNP","GEV, AQK, WK, LEA, AAA"
21,"HED, LNF, WI, VAF, ANP","GDD, VNP, GDR, GDF, FGG","AQK, GEV, WK, LEA, AAA"
22,"HED, LNF, WI, VAF, ANP","GDD, VNP, GDR, LDF, GDF","AQK, AAA, WK, LEA, CC"
23,"HED, LNF, WI, ANP, VAF","GDD, VNP, GDR, LDF, GDF","AAA, AQK, LEA, CC, WK"
24,"HED, LNF, WI, INP, VAF","VNP, GDD, GDR, QRR, GDF","AAA, AQK, LEA, WK, LEP"
25,"HED, LNF, INP, IKP, WI","VNP, GDD, GDR, QRR, GDF","AAA, AQK, LEP, AAR, LEA"
26,"HED, LNF, IKP, INP, WI","GDD, VNP, GDR, QRR, LDF","AAA, AQK, LEP, AAR, LEA"
27,"HED, LNF, IKP, INP, MPK","GDR, VNP, GDD, QRR, DGK","AAA, LEP, AQK, AAR, ELD"
28,"HED, LNF, INP, FDP, IKP","VNP, GDR, QRR, GDD, DGK","AAA, LEP, AAR, RPR, GER"
29,"HED, INP, LNF, IKP, EGM","GDR, VNP, VAD, QRR, GGD","AAA, LEP, AAR, GER, ELD"
30,"INP, MER, EGM, HED, LNF","VNP, GDR, VPA, GGD, VAD","LEP, AAA, GER, ELD, DEE"
31,"EGM, IKP, INP, HED, MER","VNP, VPA, GDR, EDA, VEP","LEP, AAA, DEE, GER, ARR"
32,"EGM, FDP, INP, LNF, MER","EDA, VPA, VNP, VEP, GDR","ARR, LEP, DEE, ELD, AAA"
